experiment,agent_model,tier,subtest,run_number,score,impl_rate,passed,grade,cost_usd,duration_seconds,agent_duration_seconds,judge_duration_seconds,input_tokens,output_tokens,cache_creation_tokens,cache_read_tokens,total_tokens,exit_code,api_calls,num_turns,num_models,delegation_cost_ratio
run,haiku,T0,00,1,0.89,0.8848484848484849,True,A,0.8179789,388.419443,252.210127,136.209316,38,3906,11079,344506,359529,0,16.0,,,
run,haiku,T0,00,2,0.0,0.0,False,F,0.00713485,45.076066000000004,5.405256,39.67081,8,352,1661,32906,34927,0,2.0,,,
run,haiku,T0,00,3,0.828,0.8484848484848485,True,A,0.13048939999999998,185.757705,76.234407,109.523298,43,3115,8805,267931,279894,0,15.0,,,
run,haiku,T0,00,5,0.0,0.0,False,F,0.598062,252.372729,196.98038,55.392349,24,2490,13417,197716,213647,0,11.0,,,
run,haiku,T0,01,1,1.0,1.0,True,S,0.19286345000000008,924.602226,175.497212,749.105014,91,7265,22285,1285912,1315553,0,40.0,,,
run,haiku,T0,01,2,0.89,0.8971428571428572,True,A,0.14590655,851.525302,85.521736,766.003566,97,6189,21003,886108,913397,0,34.0,,,
run,haiku,T0,01,3,0.83,0.8484848484848485,True,A,0.11281355000000001,187.31000699999998,53.65307,133.656937,82,5074,15533,679453,700142,0,27.0,,,
run,haiku,T0,01,4,0.82,0.8636363636363636,True,A,0.13659825000000003,835.689747,716.113843,119.575904,81,5364,18585,864660,888690,0,30.0,,,
run,haiku,T0,01,5,0.0,,False,F,0.10857249999999999,110.741175,68.905348,41.835827,94,4339,17598,647860,669891,0,24.0,,,
run,haiku,T1,01,1,0.79,0.8363636363636364,True,B,0.26734325,226.72686700000003,118.025461,108.701406,100,9418,32309,1797670,1839497,0,52.0,,,
run,haiku,T1,01,2,0.84,0.8515151515151516,True,A,0.13616650000000002,203.470253,86.945345,116.524908,79,5146,18298,874850,898373,0,29.0,,,
run,haiku,T1,01,3,0.875,0.7428571428571429,True,A,0.17786985000000002,485.40045299999997,304.261422,181.139031,76,6003,27291,1136651,1170021,0,33.0,,,
run,haiku,T1,01,4,0.839,0.8666666666666667,True,A,0.18176389999999995,216.839875,123.548942,93.290933,122,7890,21308,1155569,1184889,0,37.0,,,
run,haiku,T1,01,5,0.737,0.7636363636363637,True,B,0.1256732,270.463609,137.583621,132.879988,77,4642,16144,822062,842925,0,29.0,,,
run,haiku,T1,02,1,0.84,0.7970588235294118,True,A,0.15198065,134.206943,81.534848,52.672095,128,6506,23363,901189,931186,0,38.0,,,
run,haiku,T1,02,2,0.858,0.8333333333333334,True,A,0.13374345,201.18931500000002,107.773724,93.415591,72,4982,20137,835902,861093,0,28.0,,,
run,haiku,T1,02,3,0.878,0.8575757575757575,True,A,0.18196949999999998,410.48319000000004,327.591491,82.891699,66,7282,20554,1198010,1225912,0,39.0,,,
run,haiku,T1,02,4,0.82,0.8742857142857142,True,A,0.18244400000000002,283.020165,120.096884,162.923281,112,7389,20850,1193245,1221596,0,39.0,,,
run,haiku,T1,02,5,0.826,0.7944444444444445,True,A,0.14256390000000002,301.455937,114.028211,187.427726,137,6112,20888,857569,884706,0,32.0,,,
run,haiku,T2,01,1,0.85,0.8428571428571429,True,A,0.1724512,195.840084,102.393832,93.446252,86,6425,22360,1122902,1151773,0,35.0,,,
run,haiku,T2,01,2,0.795,0.8212121212121213,True,B,0.15946855,815.169869,714.29018,100.879689,90,6068,22387,1010548,1039093,0,32.0,,,
run,haiku,T2,01,3,0.82,0.88125,True,A,0.1635951,160.486559,82.008542,78.478017,91,6454,20630,1054466,1081641,0,34.0,,,
run,haiku,T2,01,4,0.955,0.9548387096774194,True,A,0.12403615000000001,195.56182,66.888742,128.673078,113,5391,18701,735919,760124,0,32.0,,,
run,haiku,T2,01,5,0.832,0.8787878787878788,True,A,0.1260679,149.247115,60.064842,89.182273,113,4912,15392,821549,841966,0,28.0,,,
run,haiku,T2,02,1,0.0,0.0,False,F,0.0246713,696.441225,655.479729,40.961496,29,957,5548,129223,135757,1,9.0,,,
run,haiku,T2,02,2,0.847,0.7857142857142857,True,A,0.14151375000000002,156.365253,71.128195,85.237058,124,5850,22241,843385,871600,0,31.0,,,
run,haiku,T2,02,3,0.823,0.896969696969697,True,A,0.1159399,141.371196,62.70736,78.663836,96,5127,18400,672089,695712,0,29.0,,,
run,haiku,T2,02,4,0.877,0.9142857142857143,True,A,0.15689725000000007,246.562122,80.664729,165.897393,149,6888,18917,986620,1012574,0,33.0,,,
run,haiku,T2,02,5,0.789,0.7714285714285715,True,B,0.19012829999999994,251.796764,103.964765,147.831999,128,7110,24136,1242803,1274177,0,41.0,,,
run,haiku,T3,01,1,0.836,0.8285714285714286,True,A,0.55608555,282.072422,218.730476,63.341946,70,7844,44971,1320258,1373143,0,40.0,,,
run,haiku,T3,01,2,0.893,0.825,True,A,0.14181640000000004,181.27358800000002,83.587275,97.686313,78,5060,23886,865809,894833,0,27.0,,,
run,haiku,T3,01,3,0.84,0.8166666666666667,True,A,0.3514203500000001,571.759006,504.386572,67.372434,74,7294,30617,1422246,1460231,0,39.0,,,
run,haiku,T3,01,4,0.63,0.68,True,B,1.2927838000000003,609.878972,431.530748,178.348224,96,9017,33629,1379499,1422241,0,45.0,,,
run,haiku,T3,01,5,0.0,0.0,False,F,0.87068355,270.284578,208.703991,61.580587,21,3381,22945,340662,367009,0,14.0,,,
run,haiku,T3,02,1,0.84,0.8625,True,A,0.19973375,199.09708799999999,127.530349,71.566739,80,7325,24487,1324200,1356092,0,40.0,,,
run,haiku,T3,02,2,0.84,0.8666666666666667,True,A,1.9067390500000003,676.016709,311.184817,364.831892,63,8494,71957,1147051,1227565,0,38.0,,,
run,haiku,T3,02,3,0.88,0.8857142857142857,True,A,1.2495843500000001,387.833654,242.105481,145.728173,46,4773,15388,517626,537833,0,19.0,,,
run,haiku,T3,02,4,0.83,0.8515151515151516,True,A,1.2176704000000003,463.565635,346.814145,116.75149,83,11888,33756,1340679,1386406,0,41.0,,,
run,haiku,T4,01,1,0.82,0.8484848484848485,True,A,0.8116513999999999,253.351131,170.262533,83.088598,49,3865,31257,459999,495170,0,18.0,,,
run,haiku,T4,01,2,0.848,0.8909090909090909,True,A,0.9419962500000002,289.11345400000005,157.620461,131.492993,39,3270,10510,302475,316294,0,12.0,,,
run,haiku,T4,01,3,0.81,0.8363636363636364,True,A,0.8390825000000001,873.8196130000001,523.901597,349.918016,84,5863,15400,733960,755307,0,26.0,,,
run,haiku,T4,01,4,0.831,0.8285714285714286,True,A,0.8864179999999997,293.356885,183.263683,110.093202,49,3933,12290,475995,492267,0,18.0,,,
run,haiku,T4,01,5,0.67,0.7121212121212122,True,B,0.6819031499999999,305.915272,170.470987,135.444285,47,4307,14742,624964,644060,0,22.0,,,
run,haiku,T4,02,1,0.74,0.8,True,B,0.19405690000000012,280.70250899999996,87.766321,192.936188,101,6716,39108,1114909,1160834,0,38.0,,,
run,haiku,T4,02,2,0.87,0.84,True,A,0.8676869,358.896894,257.639889,101.257005,70,7460,23237,938830,969597,0,34.0,,,
run,haiku,T4,02,3,0.77,0.8285714285714286,True,B,0.14431845000000001,760.339738,678.714704,81.625034,108,6204,22297,853192,881801,0,34.0,,,
run,haiku,T4,02,4,0.766,0.76,True,B,0.0,299.597396,165.247633,134.349763,0,0,0,0,0,134,,,,
run,haiku,T4,02,5,0.847,0.8428571428571429,True,A,0.12874585,175.929323,73.201316,102.728007,76,5102,17733,809936,832847,0,28.0,,,
run,haiku,T5,01,1,0.84,0.8228571428571428,True,A,0.27167600000000003,384.16713400000003,324.629289,59.537845,76,8499,47116,1702100,1757791,0,48.0,,,
run,haiku,T5,01,2,0.0,,False,F,0.12126369999999997,198.721866,91.463425,107.258441,79,5039,15924,760847,781889,0,27.0,,,
run,haiku,T5,01,3,0.0,,False,F,0.0,203.914464,103.16424,100.750224,0,0,0,0,0,134,,,,
run,haiku,T5,01,4,0.0,,False,F,0.0,311.29323899999997,144.801626,166.491613,0,0,0,0,0,134,,,,
run,haiku,T5,01,5,0.0,,False,F,0.0,329.782798,156.064275,173.718523,0,0,0,0,0,134,,,,
run,haiku,T5,02,1,0.0,,False,F,0.0,1015.473242,850.896672,164.57657,0,0,0,0,0,134,,,,
run,haiku,T5,02,2,0.0,,False,F,0.0,296.196738,154.169164,142.027574,0,0,0,0,0,134,,,,
run,haiku,T5,02,3,0.0,0.0,False,F,0.0,312.26903200000004,186.553817,125.715215,0,0,0,0,0,134,,,,
run,haiku,T5,02,4,0.74,0.8,True,B,0.20596540000000002,453.095535,195.042152,258.053383,102,8042,24636,1348584,1381364,0,43.0,,,
run,haiku,T5,02,5,0.94,0.9769230769230769,True,A,0.14666615000000005,315.93359999999996,133.158968,182.774632,76,5405,22983,908364,936828,0,29.0,,,
run,haiku,T6,01,1,0.82,0.8472222222222222,True,A,0.3475811000000001,375.873388,167.257804,208.615584,75,8839,66180,2205861,2280955,0,42.0,,,
run,haiku,T6,01,2,0.876,0.83125,True,A,0.25386830000000005,239.60461299999997,133.479269,106.125344,87,6739,45130,1636738,1688694,0,35.0,,,
run,haiku,T6,01,3,0.84,0.8171428571428572,True,A,0.26210825,244.044382,135.40824,108.636142,118,7028,38029,1793140,1838315,0,36.0,,,
run,haiku,T6,01,4,0.82,0.8484848484848485,True,A,0.21357250000000003,251.455518,98.493829,152.961689,89,4943,36626,1429860,1471518,0,31.0,,,
run,haiku,T6,01,5,0.866,0.90625,True,A,0.27798,307.028003,160.668156,146.359847,76,8105,44414,1818615,1871210,0,35.0,,,
run,haiku,T0,00,1,0.0,0.0,False,F,1.84162465,514.9999680000001,355.242627,159.757341,16,4368,75818,311785,391987,0,11.0,,,
run,haiku,T0,00,2,0.0,0.0,False,F,0.00766365,117.74059299999999,43.378492,74.362101,8,375,1585,37994,39962,0,2.0,,,
run,haiku,T0,00,3,0.0,0.0,False,F,1.8340813999999999,451.426463,363.657704,87.768759,16,4635,20238,277143,302032,0,12.0,,,
run,haiku,T0,00,4,0.72,0.7111111111111111,True,B,0.7516325000000001,484.677437,278.895848,205.781589,54,12247,44309,1130330,1186940,0,33.0,,,
run,haiku,T0,00,5,0.0,0.0,False,F,0.007649099999999999,141.09508499999998,72.622044,68.473041,8,423,1422,37486,39339,0,2.0,,,
run,haiku,T0,01,1,0.27,0.17916666666666667,False,D,0.29096210000000006,334.477122,150.863882,183.61324,48,6803,51818,1921266,1979935,0,48.0,,,
run,haiku,T0,01,2,0.0,0.0,False,F,1.14059235,248.526447,186.666353,61.860094,36,2439,47006,304339,353820,0,11.0,,,
run,haiku,T0,01,3,0.25,0.4166666666666667,False,D,0.13256300000000001,213.11154900000002,118.97674,94.134809,57,5370,18422,826285,850134,0,28.0,,,
run,haiku,T0,01,4,0.77,0.75,True,B,0.2639231,316.13396,169.701598,146.432362,48,8933,31952,1792701,1833634,0,43.0,,,
run,haiku,T0,01,5,0.0,0.0,False,F,1.2767267000000002,333.363018,250.021111,83.341907,39,3502,60122,469972,533635,0,14.0,,,
run,haiku,T1,01,1,0.0,,False,F,0.39880315000000016,528.350412,177.027304,351.323108,63,11244,44037,2874739,2930083,0,58.0,,,
run,haiku,T1,01,2,0.0,,False,F,0.0,478.223977,69.839451,408.384526,0,0,0,0,0,134,,,,
run,haiku,T1,01,3,0.0,0.0,False,F,0.0,218.74773399999998,128.010169,90.737565,0,0,0,0,0,134,,,,
run,haiku,T1,01,4,0.85,0.835,True,A,0.18167685000000003,251.760222,148.779237,102.980985,40,6776,28099,1126331,1161246,0,31.0,,,
run,haiku,T1,01,5,0.67,0.6083333333333333,True,B,0.2825578,313.728481,175.237679,138.490802,55,11125,46668,1685428,1743276,0,35.0,,,
run,haiku,T1,02,1,0.0,0.0,False,F,0.0,158.598854,132.519872,26.078982,0,0,0,0,0,134,,,,
run,haiku,T1,02,2,0.0,,False,F,0.25078975,404.279495,77.808077,326.471418,43,6013,62119,1430330,1498505,0,30.0,,,
run,haiku,T1,02,3,0.0,,False,F,0.0,538.538112,133.585418,404.952694,0,0,0,0,0,134,,,,
run,haiku,T1,02,4,0.0,0.0,False,F,0.0,498.62759600000004,153.888992,344.738604,0,0,0,0,0,134,,,,
run,haiku,T1,02,5,0.13,0.05777777777777778,False,F,0.31485345,305.88777400000004,162.155745,143.732029,95,7466,45945,2199972,2253478,0,49.0,,,
run,haiku,T2,01,1,0.82,0.7166666666666667,True,A,0.31777995000000003,322.081344,190.174999,131.906345,55,7216,31331,1266945,1305547,0,30.0,,,
run,haiku,T2,01,2,0.86,0.8857142857142858,True,A,0.19258974999999995,278.126308,159.945433,118.180875,39,7956,26767,1193120,1227882,0,31.0,,,
run,haiku,T2,01,3,0.74,0.7000000000000001,True,B,0.27988755000000004,335.580352,183.492887,152.087465,38,8687,45369,1797033,1851127,0,34.0,,,
run,haiku,T2,01,4,0.72,0.6363636363636364,True,B,0.1864315,283.152451,156.761728,126.390723,41,8178,31640,1059505,1099364,0,27.0,,,
run,haiku,T2,01,5,0.6,0.5454545454545454,True,B,0.16832935000000002,291.069888,162.031295,129.038593,63,6244,23209,1080351,1109867,0,31.0,,,
run,haiku,T2,02,1,0.47,0.3333333333333333,False,C,0.3957341499999999,479.645299,282.588327,197.056972,55,10262,46941,2856929,2914187,0,54.0,,,
run,haiku,T2,02,2,0.0,0.0,False,F,1.5339878500000002,268.653028,192.121445,76.531583,45,2864,89033,583154,675096,0,17.0,,,
run,haiku,T2,02,3,0.893,0.8041666666666667,True,A,0.24187050000000002,334.553441,177.214859,157.338582,45,12191,42972,1271555,1326763,0,27.0,,,
run,haiku,T2,02,4,0.7,0.7000000000000001,True,B,0.24104944999999997,247.940207,151.762991,96.177216,41,8524,51079,1345397,1405041,0,27.0,,,
run,haiku,T2,02,5,0.77,0.6749999999999999,True,B,0.18714995000000006,329.043769,240.925436,88.118333,38,6546,28921,1182307,1217812,0,30.0,,,
run,haiku,T3,01,1,0.88,0.8789473684210526,True,A,0.8987003,509.632907,320.133159,189.499748,41,6070,35729,1029673,1071513,0,24.0,,,
run,haiku,T3,01,2,0.875,0.9791666666666666,True,A,0.8221922499999998,431.44234700000004,303.76548,127.676867,58,12091,50107,2380725,2442981,0,45.0,,,
run,haiku,T3,01,3,0.0,0.0,False,F,1.2853077500000003,326.281651,229.860509,96.421142,34,2809,64503,347479,414825,0,11.0,,,
run,haiku,T3,01,4,0.88,0.8999999999999999,True,A,0.7839780000000002,493.93255999999997,283.702438,210.230122,39,12585,56439,2009775,2078838,0,41.0,,,
run,haiku,T3,01,5,0.78,0.7000000000000001,True,B,2.127283450000001,922.302428,782.321746,139.980682,39,20814,58756,4075202,4154811,0,70.0,,,
run,haiku,T3,02,1,0.64,0.6545454545454545,True,B,0.8234108500000001,552.508557,374.96462,177.543937,42,18076,46779,2190316,2255213,0,46.0,,,
run,haiku,T3,02,2,0.9,0.8999999999999999,True,A,1.4548944500000003,575.44699,453.133968,122.313022,70,11009,54439,2169417,2234935,0,38.0,,,
run,haiku,T3,02,3,0.85,0.8444444444444444,True,A,1.0587789,426.931475,338.754145,88.17733,34,8146,30349,1111264,1149793,0,27.0,,,
run,haiku,T3,02,4,1.0,1.0,True,S,1.4375992999999998,471.231131,363.587982,107.643149,51,16831,42556,1693543,1752981,0,37.0,,,
run,haiku,T3,02,5,0.9,0.8666666666666667,True,A,2.8589504000000012,970.166378,815.471996,154.694382,53,22028,65715,2996299,3084095,0,50.0,,,
run,haiku,T4,01,1,0.0,,False,F,0.0,648.670568,253.148506,395.522062,0,0,0,0,0,134,,,,
run,haiku,T4,01,2,0.0,,False,F,0.0,532.429516,105.572201,426.857315,0,0,0,0,0,134,,,,
run,haiku,T4,01,3,0.0,0.0,False,F,0.0,490.42758,141.858363,348.569217,0,0,0,0,0,134,,,,
run,haiku,T4,01,4,0.74,0.725,True,B,0.9469945,412.335244,276.721253,135.613991,28,9451,31121,981665,1022265,0,25.0,,,
run,haiku,T4,01,5,0.8,0.7416666666666667,True,A,0.6530391999999999,443.15177600000004,266.398005,176.753771,29,10432,27619,1040947,1079027,0,26.0,,,
run,haiku,T4,02,1,0.7,0.75,True,B,0.8645796,343.847371,241.545466,102.301905,7,1103,4059,215711,220880,0,4.0,,,
run,haiku,T4,02,2,0.0,0.0,False,F,0.0,1183.529341,766.354701,417.17464,0,0,0,0,0,134,,,,
run,haiku,T4,02,3,0.82,0.82,True,A,1.0493579500000003,463.956905,377.38887,86.568035,59,19968,71884,2361957,2453868,0,37.0,,,
run,haiku,T4,02,4,0.88,0.8083333333333332,True,A,1.00080635,429.177852,293.506761,135.671091,55,14602,60493,2824911,2900061,0,48.0,,,
run,haiku,T4,02,5,0.38,0.35,False,D,0.20581845000000001,261.034003,126.284729,134.749274,70,5495,38083,1306697,1350345,0,29.0,,,
run,haiku,T5,01,1,0.58,0.6111111111111112,False,C,0.30675589999999997,403.95615,218.733045,185.223105,53,11005,50160,1889779,1950997,0,35.0,,,
run,haiku,T5,01,2,0.98,0.9833333333333334,True,A,0.3178228,403.835801,220.83647,182.999331,135,11275,47198,2023153,2081761,0,41.0,,,
run,haiku,T5,01,3,0.48,0.44166666666666665,False,C,0.20404449999999996,349.39745500000004,215.022141,134.375314,35,6346,41258,1207070,1254709,0,25.0,,,
run,haiku,T5,01,4,0.52,0.5599999999999999,False,C,0.23909080000000002,285.161113,169.991201,115.169912,47,5924,40748,1584888,1631607,0,35.0,,,
run,haiku,T5,01,5,0.44,0.4,False,C,0.13349160000000002,246.601229,124.419153,122.182076,42,5347,19412,824496,849297,0,25.0,,,
run,haiku,T5,02,1,0.73,0.6,True,B,0.16887225,298.841948,171.279429,127.562519,37,6764,24557,1043190,1074548,0,28.0,,,
run,haiku,T5,02,2,0.31,0.31666666666666665,False,D,0.20764160000000004,217.29494300000002,156.051384,61.243559,80,6549,30712,1364266,1401607,0,38.0,,,
run,haiku,T5,02,3,0.0,0.0,False,F,0.8783962000000001,298.578036,169.991173,128.586863,38,2898,36716,422621,462273,0,14.0,,,
run,haiku,T5,02,4,0.83,0.8999999999999999,True,A,0.27006665,363.532188,204.053402,159.478786,74,10002,38033,1724414,1772523,0,42.0,,,
run,haiku,T5,02,5,0.77,0.75,True,B,0.3956154000000001,340.777181,240.584681,100.1925,61,12910,44224,2757244,2814439,0,58.0,,,
run,haiku,T6,01,1,0.986,0.9857142857142858,True,A,0.9324830999999998,462.01893900000005,331.058778,130.960161,54,15156,59672,3208381,3283263,0,49.0,,,
run,haiku,T6,01,2,0.74,0.7833333333333333,True,B,0.60307995,1039.103799,286.103482,753.000317,59,14989,65633,4460347,4541028,0,66.0,,,
run,haiku,T6,01,3,0.875,0.825,True,A,1.0668750500000004,735.3565639999999,608.87281,126.483754,8,2839,6379,336459,345685,0,4.0,,,
run,haiku,T6,01,4,0.529,0.44166666666666665,False,C,0.4451814499999999,437.177031,280.267902,156.909129,54,16711,62625,2832912,2912302,0,45.0,,,
run,haiku,T6,01,5,0.875,0.875,True,A,0.8697184,500.439747,311.137292,189.302455,37,14072,65045,2511824,2590978,0,39.0,,,
run,haiku,T0,00,1,0.0,0.0,False,F,0.02863325,113.399047,43.56812,69.830927,8,407,19755,18965,39135,0,2.0,,,
run,haiku,T0,00,2,0.0,0.0,False,F,0.00738365,113.28636800000001,47.718957,65.567411,8,393,1289,37994,39684,0,2.0,,,
run,haiku,T0,00,3,0.0,0.0,False,F,0.00724615,133.888198,67.189104,66.699094,8,351,1347,37994,39700,0,2.0,,,
run,haiku,T0,00,4,0.0,0.0,False,F,0.00707785,138.687214,54.781872,83.905342,8,370,1177,37486,39041,0,2.0,,,
run,haiku,T0,00,5,0.0,0.0,False,F,0.00727115,119.491712,52.144725,67.346987,8,356,1347,37994,39705,0,2.0,,,
run,haiku,T0,01,1,1.0,1.0,True,S,0.4648782,458.584288,330.571398,128.01289,47,11173,80414,3084487,3176121,0,59.0,,,
run,haiku,T0,01,2,0.0,0.0,False,F,0.33912695,250.10839299999998,177.25946,72.848933,54,11850,53779,2125992,2191675,0,38.0,,,
run,haiku,T0,01,3,0.83,0.8333333333333334,True,A,0.41380480000000014,374.51475400000004,223.029492,151.485262,64,12701,50378,2872633,2935776,0,62.0,,,
run,haiku,T0,01,4,1.0,1.0,True,S,0.9303250000000002,997.946231,882.675157,115.271074,79,24966,82530,5345318,5452893,0,71.0,,,
run,haiku,T0,01,5,0.67,0.6666666666666666,True,B,0.578258,380.508968,258.139033,122.369935,112,20462,68278,2861269,2950121,0,62.0,,,
run,haiku,T1,01,1,1.0,1.0,True,S,0.25863845,313.692141,190.07541,123.616731,50,6423,42601,1732222,1781296,0,39.0,,,
run,haiku,T1,01,2,1.0,1.0,True,S,0.53261605,447.308772,308.227986,139.080786,80,9679,78939,3854673,3943371,0,54.0,,,
run,haiku,T1,01,3,0.33,0.0,False,D,0.5105389,339.255202,272.917684,66.337518,82,14669,64448,3565519,3644718,0,64.0,,,
run,haiku,T1,01,4,1.0,1.0,True,S,0.3475736500000001,318.519611,221.722682,96.796929,69,13804,54957,2097884,2166714,0,41.0,,,
run,haiku,T1,01,5,0.0,0.0,False,F,2.06433115,1204.34471,1116.199307,88.145403,75,7346,69730,1032788,1109939,0,29.0,,,
run,haiku,T1,02,1,1.0,1.0,True,S,0.7499655999999997,524.319952,418.117512,106.20244,75,16615,62585,4496379,4575654,0,79.0,,,
run,haiku,T1,02,2,1.0,1.0,True,S,0.40556724999999993,427.33386800000005,243.946354,183.387514,52,13074,51149,2762090,2826365,0,55.0,,,
run,haiku,T1,02,3,0.67,0.6666666666666666,True,B,0.5291179500000002,736.681062,641.045375,95.635687,63,15858,54629,3814787,3885337,0,71.0,,,
run,haiku,T1,02,4,0.83,0.8333333333333334,True,A,1.04118565,540.8364240000001,452.530721,88.305703,71,21133,85003,7036309,7142516,0,104.0,,,
run,haiku,T1,02,5,0.72,0.7216666666666667,True,B,0.5469533999999998,453.218042,321.863622,131.35442,53,9864,53404,2794852,2858173,0,55.0,,,
run,haiku,T2,01,1,1.0,1.0,True,S,0.23582029999999998,253.541351,134.941918,118.599433,58,8778,48574,1311548,1368958,0,32.0,,,
run,haiku,T2,01,2,0.833,0.8333333333333334,True,A,0.4725185499999999,366.10400200000004,255.935853,110.168149,67,13110,62159,3292028,3367364,0,57.0,,,
run,haiku,T2,01,3,1.0,1.5,True,S,0.49354549999999997,318.072906,227.343049,90.729857,58,13433,64788,3453375,3531654,0,53.0,,,
run,haiku,T2,01,4,1.0,1.0,True,S,0.4290095499999999,321.132761,239.367171,81.76559,1784,12124,56781,2956293,3026982,0,58.0,,,
run,haiku,T2,01,5,0.89,0.8883333333333333,True,A,0.8620412500000002,492.984087,405.674664,87.309423,71,24261,86209,4900297,5010838,0,73.0,,,
run,haiku,T2,02,1,0.67,0.6666666666666666,True,B,0.61530795,425.60746700000004,327.865877,97.74159,77,26916,72563,3899472,3999028,0,63.0,,,
run,haiku,T2,02,2,0.83,0.8333333333333334,True,A,2.8618698,806.920754,682.433872,124.486882,2024,22494,84874,2423724,2533116,0,47.0,,,
run,haiku,T2,02,3,0.72,0.7216666666666667,True,B,0.5088014000000001,397.35768099999996,270.230714,127.126967,58,16777,58338,3519359,3594532,0,62.0,,,
run,haiku,T2,02,4,0.833,0.8333333333333334,True,A,0.3428597500000001,288.067447,205.353305,82.714142,49,9016,45735,2405620,2460420,0,50.0,,,
run,haiku,T2,02,5,0.5,0.3333333333333333,False,C,0.67647805,1089.383548,963.251623,126.131925,6,1187,8498,283727,293418,0,3.0,,,
run,haiku,T3,01,1,1.0,1.0,True,S,0.7231238,939.850011,839.536006,100.314005,37,15448,67092,3833202,3915779,0,62.0,,,
run,haiku,T3,01,2,0.33,0.16666666666666666,False,D,2.8661965000000014,892.1285369999999,763.365914,128.762623,50,26968,84150,4943815,5054983,0,63.0,,,
run,haiku,T3,01,3,0.83,1.0,True,A,3.4935921,1082.411971,997.201102,85.210869,47,30407,81020,3890198,4001672,0,58.0,,,
run,haiku,T3,01,4,0.67,0.6666666666666666,True,B,4.407897299999998,1225.267395,984.702994,240.564401,43,25273,58751,3272718,3356785,0,60.0,,,
run,haiku,T3,01,5,1.0,1.0,True,S,1.6846208000000003,765.1279079999999,614.097218,151.03069,58,21109,60492,2865328,2946987,0,48.0,,,
run,haiku,T3,02,1,0.83,0.8333333333333334,True,A,1.9682992000000008,942.111668,832.904371,109.207297,90,18290,76674,4540346,4635400,0,70.0,,,
run,haiku,T3,02,2,0.0,0.0,False,F,3.5520242500000014,915.385381,846.134004,69.251377,33,10758,37584,396487,444862,0,11.0,,,
run,haiku,T3,02,3,1.0,1.0,True,S,1.3089107000000004,546.140186,422.246126,123.89406,91,15234,74907,3800348,3890580,0,59.0,,,
run,haiku,T3,02,4,0.17,0.16666666666666666,False,F,5.471612399999999,1959.766864,1835.415738,124.351126,43,29937,73837,4869659,4973476,0,75.0,,,
run,haiku,T3,02,5,0.67,0.6666666666666666,True,B,2.4969664499999986,953.247163,812.018514,141.228649,56,23376,86934,4588152,4698518,0,62.0,,,
run,haiku,T4,01,1,1.0,1.0,True,S,2.736992050000001,974.551109,829.032098,145.519011,73,39438,85099,4857368,4981978,0,65.0,,,
run,haiku,T4,01,2,1.0,1.0,True,S,3.6090287,743.3533659999999,563.87993,179.473436,24,12675,66841,3124967,3204507,0,45.0,,,
run,haiku,T4,01,3,1.0,1.0,True,S,6.642363949999999,1149.118841,990.574949,158.543892,53,26325,68971,2847422,2942771,0,43.0,,,
run,haiku,T4,01,4,0.0,0.0,False,F,1.6557311499999998,318.473164,242.915996,75.557168,12,1042,11027,70289,82370,0,3.0,,,
run,haiku,T4,01,5,1.0,1.0,True,S,2.9787300999999995,858.481014,716.669538,141.811476,53,27153,63359,3874281,3964846,0,72.0,,,
run,haiku,T4,02,1,0.833,0.8333333333333334,True,A,1.2147662499999998,461.944047,341.950081,119.993966,63,11256,63852,2543200,2618371,0,43.0,,,
run,haiku,T4,02,2,0.5,0.5,False,C,1.5788638000000004,813.790934,625.310984,188.47995,81,24853,80196,4990524,5095654,0,73.0,,,
run,haiku,T4,02,3,0.83,0.8333333333333334,True,A,1.0479799500000002,600.569666,476.040416,124.52925,52,29260,71472,4335439,4436223,0,70.0,,,
run,haiku,T4,02,4,0.83,0.8333333333333334,True,A,0.8371370000000004,594.115412,433.313645,160.801767,45,16811,49881,2826206,2892943,0,57.0,,,
run,haiku,T4,02,5,0.83,0.8333333333333334,True,A,1.7328425500000006,786.465716,621.792891,164.672825,47,23106,71900,4848399,4943452,0,78.0,,,
run,haiku,T5,01,1,0.83,0.8333333333333334,True,A,0.48114345,350.865592,250.062944,100.802648,70,9400,60949,3578872,3649291,0,63.0,,,
run,haiku,T5,01,2,0.67,0.6666666666666666,True,B,0.5304530000000001,371.72452,284.963116,86.761404,49,12886,51036,2862193,2926164,0,57.0,,,
run,haiku,T5,01,3,0.83,0.8333333333333334,True,A,0.49496685000000007,426.281227,261.903455,164.377772,57,17426,70725,3193736,3281944,0,56.0,,,
run,haiku,T5,01,4,1.0,1.0,True,S,0.18451255,254.995289,117.234249,137.76104,68,4887,36285,1146533,1187773,0,28.0,,,
run,haiku,T5,01,5,0.83,0.8333333333333334,True,A,0.66358265,465.677372,364.676491,101.000881,64,22859,79741,4495474,4598138,0,72.0,,,
run,haiku,T5,02,1,0.61,0.6116666666666667,True,B,0.7502334500000001,517.961682,392.111045,125.850637,51,23271,61438,3839492,3924252,0,66.0,,,
run,haiku,T5,02,2,0.17,0.0,False,F,0.5088632000000001,554.590142,322.497008,232.093134,124,9251,45763,2630097,2685235,0,62.0,,,
run,haiku,T5,02,3,0.0,0.0,False,F,2.6682170499999986,563.1632529999999,448.766581,114.396672,100,13271,128541,4132757,4274669,0,66.0,,,
run,haiku,T5,02,4,0.67,0.6666666666666666,True,B,0.52756105,428.97458300000005,283.765778,145.208805,44,16022,58736,2024036,2098838,0,37.0,,,
run,haiku,T5,02,5,0.83,0.8333333333333334,True,A,0.34189575,325.362641,211.501669,113.860972,69,13984,43879,2170580,2228512,0,46.0,,,
run,haiku,T6,01,1,1.0,1.0,True,S,0.5999800500000002,450.924079,287.729263,163.194816,50,14324,78577,4300888,4393839,0,60.0,,,
run,haiku,T6,01,2,0.67,0.6666666666666666,True,B,0.5063637999999999,396.286293,227.412653,168.87364,73,15173,68792,3444358,3528396,0,48.0,,,
run,haiku,T6,01,3,0.67,0.445,True,B,0.6263238999999999,501.845142,370.137551,131.707591,63,31270,106530,3367484,3505347,0,46.0,,,
run,haiku,T6,01,4,0.83,0.8333333333333334,True,A,0.8845276,753.783507,615.266979,138.516528,58,23549,80595,4962772,5066974,0,64.0,,,
run,haiku,T6,01,5,0.78,0.7783333333333333,True,B,0.39290100000000006,369.11488899999995,231.181179,137.93371,36,17247,68616,2208600,2294499,0,33.0,,,
run,haiku,T0,00,1,0.0,0.0,False,F,0.02837865,134.189174,65.22521,68.963964,8,260,20119,19219,39606,0,2.0,,,
run,haiku,T0,00,2,0.0,0.0,False,F,2.1756693999999994,504.04868,419.583707,84.464973,25,6587,71891,561057,639560,0,17.0,,,
run,haiku,T0,00,3,0.0,0.0,False,F,0.007383649999999999,117.217183,52.43184,64.785343,8,379,1345,37994,39726,0,2.0,,,
run,haiku,T0,00,4,0.0,0.0,False,F,0.00751865,135.198844,53.873763,81.325081,8,406,1345,37994,39753,0,2.0,,,
run,haiku,T0,00,5,0.0,,False,F,0.5851044,246.02533799999998,182.597435,63.427903,84,3707,26504,626374,656669,0,21.0,,,
run,haiku,T0,03,1,0.33,0.3333333333333333,False,D,0.29959689999999994,1047.966128,906.414692,141.551436,4,706,2697,213099,216506,0,3.0,,,
run,haiku,T0,03,2,1.0,1.0,True,S,0.4031682999999998,305.586698,211.619519,93.967179,74,11465,72556,2550743,2634838,0,38.0,,,
run,haiku,T0,03,3,0.0,0.0,False,F,0.864357,280.433087,167.170674,113.262413,19,2689,92443,473060,568211,0,12.0,,,
run,haiku,T0,03,4,0.0,0.0,False,F,0.4317452500000001,424.544702,347.306965,77.237737,73,9685,70475,2951535,3031768,0,41.0,,,
run,haiku,T0,03,5,0.67,0.6666666666666666,True,B,0.3448833,345.526556,207.756401,137.770155,86,10218,63542,2142798,2216644,0,35.0,,,
run,haiku,T0,04,1,0.67,0.6666666666666666,True,B,0.28756850000000006,312.244076,201.186724,111.057352,59,9884,50784,1746095,1806822,0,34.0,,,
run,haiku,T0,04,2,0.833,0.7614285714285715,True,A,0.5286141999999999,415.871847,309.673832,106.198015,117,21643,80014,3202647,3304421,0,50.0,,,
run,haiku,T0,04,3,0.67,0.6666666666666666,True,B,0.4274134000000001,348.46282599999995,259.971459,88.491367,55,13569,43461,1922003,1979088,0,41.0,,,
run,haiku,T0,04,4,0.83,0.7783333333333333,True,A,0.32514655000000003,306.044285,206.752639,99.291646,96,14056,59677,1801743,1875572,0,36.0,,,
run,haiku,T0,04,5,0.0,0.0,False,F,0.24566160000000004,219.984425,138.303801,81.680624,99,4870,47888,1613526,1666383,0,33.0,,,
run,haiku,T0,05,1,0.83,0.8333333333333334,True,A,0.3479903,402.196772,294.75612,107.440652,79,22278,59690,1619088,1701135,0,35.0,,,
run,haiku,T0,05,2,1.0,1.0,True,S,0.26319034999999996,251.776034,148.29526,103.480774,66,7308,47879,1667356,1722609,0,33.0,,,
run,haiku,T0,07,1,0.833,0.8333333333333334,True,A,0.4281188,384.303479,243.952915,140.350564,54,15593,43220,1594990,1653857,0,37.0,,,
run,haiku,T0,07,2,0.67,0.6666666666666666,True,B,0.5816818000000001,506.897885,342.514653,164.383232,84,31115,70730,3376103,3478032,0,56.0,,,
run,haiku,T0,07,3,0.67,0.6666666666666666,True,B,0.33708905,381.90702999999996,227.326155,154.580875,82,13326,35205,1096234,1144847,0,28.0,,,
run,haiku,T0,07,4,0.0,0.0,False,F,0.5167273,400.087754,316.464366,83.623388,57,24652,63483,1944670,2032862,0,35.0,,,
run,haiku,T0,07,5,0.67,0.6666666666666666,True,B,0.40239654999999996,301.688279,195.456239,106.23204,112,7364,53650,1739716,1800842,0,34.0,,,
run,haiku,T0,08,1,0.89,0.8883333333333333,True,A,0.30890920000000005,316.54423699999995,206.806246,109.737991,79,4663,33968,1078213,1116923,0,26.0,,,
run,haiku,T0,08,2,0.67,0.6666666666666666,True,B,0.21091300000000002,263.16554,129.410005,133.755535,44,3056,22022,440335,465457,0,13.0,,,
run,haiku,T0,08,3,0.67,0.6666666666666666,True,B,0.2853541,322.212743,204.968626,117.244117,57,7872,26045,655291,689265,0,19.0,,,
run,haiku,T0,08,4,1.0,1.0,True,S,0.17966895000000005,222.164306,103.270836,118.89347,85,4330,40363,1074802,1119580,0,24.0,,,
run,haiku,T0,08,5,1.0,1.0,True,S,0.12987185,221.977014,113.265555,108.711459,79,4011,30795,712441,747326,0,24.0,,,
run,haiku,T0,09,1,0.83,0.8333333333333334,True,A,0.44419775000000006,397.81493,315.292863,82.522067,95,27610,68559,2203540,2299804,0,41.0,,,
run,haiku,T0,09,2,1.0,1.0,True,S,3.2523187499999997,887.5502349999999,791.423019,96.127216,39,9027,39250,1000374,1048690,0,22.0,,,
run,haiku,T0,09,3,0.833,0.8333333333333334,True,A,0.27963685000000005,285.724594,175.314309,110.410285,76,10808,51509,1611346,1673739,0,31.0,,,
run,haiku,T0,09,4,0.83,0.8333333333333334,True,A,0.3484411000000001,582.04681,466.132852,115.913958,58,5858,33904,1390237,1430057,0,35.0,,,
run,haiku,T0,09,5,1.0,1.0,True,S,0.3174006999999999,355.791514,227.030193,128.761321,45,9555,32538,1110041,1152179,0,29.0,,,
run,haiku,T0,10,1,0.67,0.6666666666666666,True,B,0.21031084999999997,521.635865,139.678769,381.957096,38,2178,28553,403281,434050,0,11.0,,,
run,haiku,T0,10,2,0.83,0.8333333333333334,True,A,0.23934825000000004,237.852632,141.984778,95.867854,57,5459,29046,752088,786650,0,21.0,,,
run,haiku,T0,10,3,0.67,0.6666666666666666,True,B,0.1790492,226.60716000000002,122.529966,104.077194,48,5266,31066,1138387,1174767,0,28.0,,,
run,haiku,T0,10,4,0.33,0.3333333333333333,False,D,0.48115600000000003,491.671391,351.372337,140.299054,59,28439,58362,1401545,1488405,0,30.0,,,
run,haiku,T0,10,5,0.67,0.6666666666666666,True,B,0.396411,287.484823,198.475751,89.009072,70,8950,44139,1716288,1769447,0,37.0,,,
run,haiku,T0,11,1,0.83,0.8333333333333334,True,A,0.5180974499999998,412.533449,291.438088,121.095361,63,15449,56825,2140588,2212925,0,41.0,,,
run,haiku,T0,11,2,1.0,1.0,True,S,0.3949128,371.016123,263.67905,107.337073,89,23461,64532,1968538,2056620,0,37.0,,,
run,haiku,T0,11,3,0.83,0.8883333333333333,True,A,0.6253546000000002,326.788114,223.119168,103.668946,88,15218,67120,4652766,4735192,0,73.0,,,
run,haiku,T0,11,4,0.0,0.0,False,F,0.42635375000000003,277.586498,182.670077,94.916421,65,11691,54019,3003100,3068875,0,54.0,,,
run,haiku,T0,11,5,1.0,1.0,True,S,0.5307845500000001,330.792748,229.847506,100.945242,66,10992,62593,3975173,4048824,0,65.0,,,
run,haiku,T0,12,1,0.89,0.8883333333333333,True,A,0.4847004499999999,314.72853200000003,225.105161,89.623371,47,13727,52958,1946814,2013546,0,37.0,,,
run,haiku,T0,12,2,0.67,0.6666666666666666,True,B,0.3094988,359.666441,206.04571,153.620731,86,16545,64960,1454878,1536469,0,29.0,,,
run,haiku,T0,12,3,1.0,1.0,True,S,0.19476469999999999,232.225667,123.290694,108.934973,86,4708,41590,1191512,1237896,0,27.0,,,
run,haiku,T0,12,4,0.89,0.8883333333333333,True,A,0.38999780000000006,388.52528,235.654991,152.870289,91,15063,56794,2435993,2507941,0,45.0,,,
run,haiku,T0,12,5,0.83,0.8333333333333334,True,A,0.47565785000000005,390.574112,252.225265,138.348847,88,19013,64749,2995686,3079536,0,50.0,,,
run,haiku,T0,13,1,0.83,0.8333333333333334,True,A,0.48772135000000005,536.381914,424.806732,111.575182,49,29199,64939,1431497,1525684,0,28.0,,,
run,haiku,T0,13,2,0.5,0.16666666666666666,False,C,0.23485999999999999,216.628773,127.993265,88.635508,88,9290,34614,1450545,1494537,0,35.0,,,
run,haiku,T0,13,3,0.833,0.8333333333333334,True,A,0.16581824999999997,227.11910899999998,124.630218,102.488891,80,4287,37299,976795,1018461,0,26.0,,,
run,haiku,T0,13,4,0.833,0.8333333333333334,True,A,0.391326,326.157151,205.547662,120.609489,84,13306,55078,2558645,2627113,0,49.0,,,
run,haiku,T0,13,5,1.0,1.0,True,S,0.2562768,314.945,178.761605,136.183395,73,7066,41592,1688838,1737569,0,38.0,,,
run,haiku,T0,14,1,0.72,0.8883333333333333,True,B,0.45445175,308.163202,218.687326,89.475876,59,6660,39825,1960480,2007024,0,45.0,,,
run,haiku,T0,14,2,0.833,0.8333333333333334,True,A,1.4748995999999999,503.48552700000005,396.622495,106.863032,107,19108,68886,4338276,4426377,0,69.0,,,
run,haiku,T0,14,3,0.83,0.8333333333333334,True,A,1.0113032,613.410965,457.586348,155.824617,72,29840,77422,6675969,6783303,0,106.0,,,
run,haiku,T0,14,4,1.0,1.0,True,S,0.5844937,378.911252,268.91219,109.999062,134,17609,73024,4050347,4141114,0,63.0,,,
run,haiku,T0,14,5,1.0,1.0,True,S,0.44441125000000004,332.37314000000003,220.388214,111.984926,52,7268,41119,2079762,2128201,0,45.0,,,
run,haiku,T0,15,1,0.0,0.0,False,F,1.2459816,390.53830500000004,272.078414,118.459891,34,6737,82517,1011949,1101237,0,26.0,,,
run,haiku,T0,15,2,0.67,0.6666666666666666,True,B,0.22393105000000005,256.296355,137.968006,118.328349,79,9611,46333,1178808,1234831,0,26.0,,,
run,haiku,T0,15,3,0.0,0.0,False,F,0.3491707500000001,364.115545,215.829805,148.28574,45,5905,39652,1190410,1236012,0,28.0,,,
run,haiku,T0,15,4,0.0,,False,F,0.4022127499999999,339.70647199999996,217.60375,122.102722,69,14483,59105,2558475,2632132,0,48.0,,,
run,haiku,T0,18,1,0.83,0.8333333333333334,True,A,0.33733925,284.54596100000003,179.359475,105.186486,112,8616,52233,2288560,2349521,0,48.0,,,
run,haiku,T0,18,2,0.0,0.0,False,F,1.7726970999999998,356.623016,293.386823,63.236193,70,6646,124855,1282296,1413867,0,30.0,,,
run,haiku,T0,18,3,0.78,0.7783333333333333,True,B,0.5151326500000001,485.712241,333.008505,152.703736,58,23141,57851,2011253,2092303,0,41.0,,,
run,haiku,T0,18,4,1.0,1.0,True,S,0.46301075,310.17562599999997,201.014155,109.161471,82,13084,60239,3222100,3295505,0,57.0,,,
run,haiku,T0,18,5,1.0,1.0,True,S,0.4290738,372.191252,246.497768,125.693484,82,11356,61340,2955368,3028146,0,53.0,,,
run,haiku,T0,19,1,1.0,1.0,True,S,0.12273685000000001,198.875119,117.042325,81.832794,49,4746,27381,647316,679492,0,18.0,,,
run,haiku,T1,01,1,0.67,0.6666666666666666,True,B,0.5376226000000001,365.39253,247.206308,118.186222,90,17287,65168,3696376,3778921,0,60.0,,,
run,haiku,T1,01,2,1.0,1.0,True,S,0.44169315,408.92139699999996,276.525398,132.395999,125,15581,47145,1906259,1969110,0,43.0,,,
run,haiku,T1,01,3,1.0,1.0,True,S,0.25741854999999997,275.719883,182.406295,93.313588,62,7311,37391,1740628,1785392,0,40.0,,,
run,haiku,T1,01,4,0.83,0.9166666666666666,True,A,0.2589106,292.747248,191.612674,101.134574,88,7430,49142,1602451,1659111,0,33.0,,,
run,haiku,T1,01,5,0.67,0.6666666666666666,True,B,0.20441325,344.96696,249.20493,95.76203,86,7855,40939,1138785,1187665,0,28.0,,,
run,haiku,T1,02,1,0.83,0.8333333333333334,True,A,0.30233965000000007,371.36816,246.569581,124.798579,53,21457,45807,1377429,1444746,0,33.0,,,
run,haiku,T1,02,2,0.833,0.8333333333333334,True,A,0.73230115,508.521597,399.644553,108.877044,114,23111,64054,3036395,3123674,0,62.0,,,
run,haiku,T1,02,3,0.833,0.8333333333333334,True,A,0.4504374000000002,400.317529,288.702367,111.615162,117,12635,62330,3092329,3167411,0,59.0,,,
run,haiku,T1,02,4,1.0,1.0,True,S,0.3965072500000001,486.378572,360.379095,125.999477,106,8944,70832,1405802,1485684,0,39.0,,,
run,haiku,T1,02,5,0.0,0.0,False,F,0.9668444000000002,606.8337409999999,525.928557,80.905184,60,37999,85100,6704144,6827303,0,100.0,,,
run,haiku,T1,03,1,0.83,0.9166666666666666,True,A,0.42128425,351.053015,265.493337,85.559678,82,15629,45176,1131097,1191984,0,29.0,,,
run,haiku,T1,03,2,0.67,0.445,True,B,0.26267684999999996,301.761115,181.444256,120.316859,70,6102,42965,1783906,1833043,0,39.0,,,
run,haiku,T1,03,3,1.0,1.0,True,S,0.31753380000000003,331.78229799999997,232.772211,99.010087,86,11574,33368,993650,1038678,0,26.0,,,
run,haiku,T1,03,4,0.83,0.8333333333333334,True,A,0.28647629999999996,306.550341,185.371665,121.178676,80,7849,43412,1928863,1980204,0,41.0,,,
run,haiku,T1,03,5,0.67,0.6666666666666666,True,B,0.30836040000000003,418.941005,316.871072,102.069933,93,8936,78764,1651324,1739117,0,41.0,,,
run,haiku,T1,04,1,0.67,0.6666666666666666,True,B,0.3705052500000001,309.756391,187.048606,122.707785,146,11621,53035,2459605,2524407,0,50.0,,,
run,haiku,T1,04,2,0.83,0.8333333333333334,True,A,0.40366694999999997,336.869914,205.324831,131.545083,126,13934,66663,2505422,2586145,0,45.0,,,
run,haiku,T1,04,3,1.0,1.0,True,S,0.3634791500000001,355.02968699999997,221.696966,133.332721,51,8326,34295,1179880,1222552,0,28.0,,,
run,haiku,T1,04,4,1.0,1.0,True,S,0.09145275,235.766303,118.623306,117.142997,59,4436,20315,438200,463010,0,17.0,,,
run,haiku,T1,04,5,0.667,0.6666666666666666,True,B,0.10626485000000002,303.806505,171.029256,132.777249,68,3312,22247,618281,643908,0,18.0,,,
run,haiku,T1,06,1,0.833,0.8333333333333334,True,A,0.6063741000000001,598.41329,467.799295,130.613995,74,37223,92063,1660758,1790118,0,38.0,,,
run,haiku,T1,06,2,0.833,0.8333333333333334,True,A,0.13712069999999998,253.71505200000001,136.7302,116.984852,70,5654,25998,762832,794554,0,23.0,,,
run,haiku,T1,06,3,0.833,0.8333333333333334,True,A,0.38928540000000006,298.965558,211.058421,87.907137,74,15800,52384,2447314,2515572,0,46.0,,,
run,haiku,T1,06,4,0.83,0.8333333333333334,True,A,0.1655527,227.932023,143.31525,84.616773,92,5289,31686,994082,1031149,0,28.0,,,
run,haiku,T1,06,5,0.83,0.8333333333333334,True,A,0.22477410000000006,284.30284900000004,156.109207,128.193642,86,6063,34558,1511756,1552463,0,37.0,,,
run,haiku,T1,07,1,0.83,0.8333333333333334,True,A,0.5011972500000001,433.63052500000003,279.475273,154.155252,85,13796,55391,1946849,2016121,0,44.0,,,
run,haiku,T1,07,2,0.0,0.0,False,F,0.42080425,340.05328299999996,283.711278,56.342005,79,12496,58579,1323323,1394477,0,35.0,,,
run,haiku,T1,07,3,1.0,1.0,True,S,0.38165594999999997,365.132333,227.390345,137.741988,60,7963,37321,1280408,1325752,0,31.0,,,
run,haiku,T1,07,4,0.83,0.8333333333333334,True,A,0.5367162,441.937549,364.851603,77.085946,53,18022,50437,2849073,2917585,0,63.0,,,
run,haiku,T1,07,5,0.83,0.8333333333333334,True,A,0.5325846999999999,465.54670999999996,349.386825,116.159885,121,13202,64126,3862962,3940411,0,69.0,,,
run,haiku,T1,08,1,0.67,0.6666666666666666,True,B,1.13125755,579.636067,460.324678,119.311389,116,42324,102585,7912903,8057928,0,101.0,,,
run,haiku,T1,08,2,1.0,1.0,True,S,0.20761515,213.070786,113.659574,99.411212,66,6671,33981,1317179,1357897,0,33.0,,,
run,haiku,T1,08,3,0.67,0.6666666666666666,True,B,0.5390914499999999,443.83009100000004,311.814413,132.015678,140,23938,68269,3339252,3431599,0,66.0,,,
run,haiku,T1,08,4,0.0,0.0,False,F,1.18231315,334.53576599999997,279.536277,54.999489,38,5775,57074,1008047,1070934,0,28.0,,,
run,haiku,T1,08,5,0.833,0.8333333333333334,True,A,0.4871243,413.410132,276.783024,136.627108,82,17308,60032,3254623,3332045,0,58.0,,,
run,haiku,T2,01,1,0.83,0.8333333333333334,True,A,0.3824742499999999,333.311067,236.170744,97.140323,53,6980,39280,1607041,1653354,0,35.0,,,
run,haiku,T2,01,2,0.83,0.8333333333333334,True,A,0.14635120000000001,254.80328599999999,138.516226,116.28706,48,6071,18888,923382,948389,0,29.0,,,
run,haiku,T2,01,3,0.67,0.6666666666666666,True,B,0.4882548,387.863499,260.717381,127.146118,51,10268,48783,2443750,2502852,0,46.0,,,
run,haiku,T2,01,4,1.0,1.0,True,S,0.23453065,283.517149,167.53355,115.983599,92,7731,42171,1430699,1480693,0,33.0,,,
run,haiku,T2,01,5,0.0,0.0,False,F,0.33725285000000016,284.96531100000004,198.927566,86.037745,82,5733,34325,1124262,1164402,0,26.0,,,
run,haiku,T2,02,1,0.67,0.6666666666666666,True,B,0.5288375500000002,388.18120999999996,276.592355,111.588855,58,14293,55895,2342894,2413140,0,44.0,,,
run,haiku,T2,02,2,1.0,1.0,True,S,0.45435604999999996,424.76177600000005,294.210075,130.551701,87,20119,68579,2679503,2768288,0,46.0,,,
run,haiku,T2,02,3,1.0,1.0,True,S,0.5028968,376.957334,263.517605,113.439729,90,16676,65784,3371968,3454518,0,58.0,,,
run,haiku,T2,02,4,0.67,0.6666666666666666,True,B,0.23082279999999997,283.52749,164.273913,119.253577,93,7680,41410,1405673,1454856,0,34.0,,,
run,haiku,T2,02,5,0.0,0.0,False,F,0.3412071499999999,320.524217,239.106006,81.418211,43,7218,40107,1383899,1431267,0,33.0,,,
run,haiku,T2,03,1,0.83,0.8333333333333334,True,A,0.1270079,205.89755100000002,109.289178,96.608373,70,5035,23384,725329,753818,0,22.0,,,
run,haiku,T2,03,2,0.5,0.5,False,C,0.25565075,324.305025,166.917536,157.387489,39,3636,33556,630972,668203,0,18.0,,,
run,haiku,T2,03,3,0.33,0.3333333333333333,False,D,0.30207105000000006,314.866023,198.728294,116.137729,45,5497,30006,1003238,1038786,0,27.0,,,
run,haiku,T2,03,4,0.67,0.6666666666666666,True,B,0.11318675,221.771121,108.030465,113.740656,50,3456,28299,604830,636635,0,17.0,,,
run,haiku,T2,03,5,0.67,0.6666666666666666,True,B,0.3952349,685.0464989999999,558.706742,126.339757,45,10019,35322,1723000,1768386,0,42.0,,,
run,haiku,T2,04,1,0.78,0.8333333333333334,True,B,0.37316350000000015,372.54068900000004,222.948855,149.591834,57,10057,36029,1403665,1449808,0,33.0,,,
run,haiku,T2,04,2,0.83,0.8333333333333334,True,A,0.42460990000000004,370.75883999999996,260.464991,110.293849,56,12015,42977,1475317,1530365,0,32.0,,,
run,haiku,T2,04,3,1.0,1.0,True,S,0.2582489,278.015347,186.613054,91.402293,75,11175,46162,1445964,1503376,0,34.0,,,
run,haiku,T2,04,4,0.67,0.6666666666666666,True,B,0.30744115,320.195432,176.524318,143.671114,66,8676,48737,2030739,2088218,0,39.0,,,
run,haiku,T2,04,5,1.0,1.0,True,S,0.5844217000000002,479.48053100000004,350.177051,129.30348,42,11398,49191,2954437,3015068,0,56.0,,,
run,haiku,T2,05,1,0.83,0.8333333333333334,True,A,0.39158285000000004,386.691743,250.137311,136.554432,49,12484,46071,1359152,1417756,0,30.0,,,
run,haiku,T2,05,2,1.0,1.0,True,S,0.47312030000000005,392.436645,269.144628,123.292017,57,11466,45573,2044685,2101781,0,46.0,,,
run,haiku,T2,05,3,0.83,0.8333333333333334,True,A,0.18314429999999998,314.099112,165.714513,148.384599,75,5604,21556,1281043,1308278,0,38.0,,,
run,haiku,T2,05,4,0.67,0.6666666666666666,True,B,0.44827929999999994,461.24947799999995,304.966914,156.282564,73,19079,45524,1500101,1564777,0,32.0,,,
run,haiku,T2,05,5,1.0,1.0,True,S,0.4112647,355.278599,218.763199,136.5154,77,10498,54812,2901827,2967214,0,52.0,,,
run,haiku,T2,06,1,0.67,0.6666666666666666,True,B,0.5215386500000001,440.26435100000003,309.003717,131.260634,88,17495,49804,1995660,2063047,0,42.0,,,
run,haiku,T2,06,2,0.67,0.6666666666666666,True,B,0.6600332999999998,470.362814,389.702065,80.660749,83,26477,71476,4382203,4480239,0,71.0,,,
run,haiku,T2,06,3,1.0,1.0,True,S,0.29246084999999994,312.541382,208.845899,103.695483,59,8554,29259,717781,755653,0,20.0,,,
run,haiku,T2,06,4,0.833,0.8333333333333334,True,A,0.12352325,241.94766500000003,128.201917,113.745748,86,4030,22957,745910,772983,0,22.0,,,
run,haiku,T2,06,5,0.833,0.8888333333333334,True,A,0.16986764999999998,280.530102,124.428637,156.101465,97,4835,28263,1102669,1135864,0,30.0,,,
run,haiku,T2,07,1,0.833,0.8333333333333334,True,A,0.6065796500000002,500.660325,373.314078,127.346247,73,25676,66711,3947379,4039839,0,66.0,,,
run,haiku,T2,07,2,0.833,0.8333333333333334,True,A,0.11182145,246.995383,131.141409,115.853974,70,3173,21473,690452,715168,0,20.0,,,
run,haiku,T2,07,3,0.5,0.5,False,C,0.37038319999999997,394.35866899999996,247.94294,146.415729,59,11463,42010,1389836,1443368,0,30.0,,,
run,haiku,T2,07,4,0.33,0.3333333333333333,False,D,0.27509535,323.233657,170.34097,152.892687,49,3412,31390,651919,686770,0,17.0,,,
run,haiku,T2,07,5,0.0,0.0,False,F,0.25407230000000003,244.636585,181.611552,63.025033,78,6394,41956,1695793,1744221,0,36.0,,,
run,haiku,T2,08,1,1.0,1.0,True,S,0.2908999,260.650913,179.40034,81.250573,97,8366,48494,1883554,1940511,0,38.0,,,
run,haiku,T2,08,2,0.833,0.8333333333333334,True,A,0.45037655000000004,333.950351,216.356556,117.593795,86,12023,62517,3120293,3194919,0,54.0,,,
run,haiku,T2,08,3,0.83,0.8883333333333333,True,A,0.25393730000000003,253.15027600000002,167.953879,85.196397,81,11053,46034,1410488,1467656,0,30.0,,,
run,haiku,T2,08,4,0.67,0.6666666666666666,True,B,0.17963669999999995,245.354912,137.677264,107.677648,91,5952,37462,1029582,1073087,0,27.0,,,
run,haiku,T2,08,5,0.83,0.8333333333333334,True,A,0.19581129999999997,270.642684,179.678046,90.964638,76,8940,29154,1145928,1184098,0,33.0,,,
run,haiku,T2,10,1,0.67,0.6666666666666666,True,B,0.6345083000000001,425.974566,310.314909,115.659657,41,16661,79856,2858560,2955118,0,51.0,,,
run,haiku,T2,10,2,0.67,0.6666666666666666,True,B,0.3173419500000001,259.253194,160.841632,98.411562,85,5045,37807,1198282,1241219,0,28.0,,,
run,haiku,T2,10,3,0.67,0.6666666666666666,True,B,0.30587000000000003,305.10925,207.209804,97.899446,68,7136,64510,1894845,1966559,0,40.0,,,
run,haiku,T2,10,4,0.67,0.6666666666666666,True,B,0.42110145000000004,356.149849,248.686748,107.463101,57,13233,45914,1596432,1655636,0,34.0,,,
run,haiku,T2,10,5,0.83,0.8333333333333334,True,A,0.38527750000000005,321.57876699999997,197.374465,124.204302,66,12521,43530,2681940,2738057,0,56.0,,,
run,haiku,T2,11,1,0.83,0.6666666666666666,True,A,0.45845810000000004,314.60530400000005,237.206295,77.399009,52,16158,50859,1934366,2001435,0,37.0,,,
run,haiku,T2,11,2,0.67,0.6666666666666666,True,B,0.4041296000000001,470.073031,325.525901,144.54713,90,15878,61964,2471946,2549878,0,44.0,,,
run,haiku,T2,11,3,0.833,0.8333333333333334,True,A,0.9620175499999996,495.458553,423.358157,72.100396,64,21421,71810,4387770,4481065,0,72.0,,,
run,haiku,T2,11,4,0.83,0.8333333333333334,True,A,0.2782033500000001,313.898884,182.396443,131.502441,51,7519,28304,629005,664879,0,17.0,,,
run,haiku,T2,11,5,0.0,0.0,False,F,0.15066010000000002,176.11689,88.444069,87.672821,85,3829,33182,899526,936622,0,23.0,,,
run,haiku,T2,12,1,0.67,0.6666666666666666,True,B,0.26811440000000003,265.224408,147.782693,117.441715,70,3872,27999,612334,644275,0,17.0,,,
run,haiku,T2,12,2,1.0,1.0,True,S,0.19136114999999998,223.564944,126.462251,97.102693,76,5065,29235,1294164,1328540,0,33.0,,,
run,haiku,T2,12,3,0.833,0.8333333333333334,True,A,0.31988,286.83459600000003,175.181893,111.652703,84,8050,48242,2192435,2248811,0,47.0,,,
run,haiku,T2,12,4,0.83,0.8333333333333334,True,A,0.5278132,461.808051,316.273642,145.534409,49,16510,56686,2560114,2633359,0,48.0,,,
run,haiku,T2,12,5,0.67,0.6666666666666666,True,B,0.5624136499999999,352.598091,244.703778,107.894313,98,14894,71977,3978744,4065713,0,62.0,,,
run,haiku,T2,13,1,0.67,0.6666666666666666,True,B,0.6510981499999999,445.104907,346.709023,98.395884,65,30002,66817,2885660,2982544,0,51.0,,,
run,haiku,T2,13,2,0.83,0.8883333333333333,True,A,0.27468444999999997,222.055156,136.974693,85.080463,86,6892,50079,1775397,1832454,0,37.0,,,
run,haiku,T2,13,3,0.67,0.6666666666666666,True,B,0.3628594499999999,339.535751,213.294577,126.241174,58,8783,35443,1310381,1354665,0,33.0,,,
run,haiku,T2,13,4,0.83,0.8333333333333334,True,A,0.6943181500000002,587.664574,401.787063,185.877511,66,24299,62609,3216187,3303161,0,54.0,,,
run,haiku,T2,13,5,0.33,0.3333333333333333,False,D,0.540394,514.669252,379.487304,135.181948,40,10995,61900,2652217,2725152,0,49.0,,,
run,haiku,T2,14,1,0.61,0.6116666666666667,True,B,0.4347032999999999,377.375173,248.55833,128.816843,69,13168,47175,1662613,1723025,0,35.0,,,
run,haiku,T2,14,2,1.0,1.0,True,S,0.30960560000000004,263.283573,142.173658,121.109915,121,8659,48620,2054146,2111546,0,42.0,,,
run,haiku,T2,14,3,0.33,0.3333333333333333,False,D,0.23732789999999995,317.586027,135.167363,182.418664,80,5049,50748,1485679,1541556,0,30.0,,,
run,haiku,T2,14,4,0.67,0.6666666666666666,True,B,0.33317379999999996,319.050251,204.635277,114.414974,56,6646,31025,987865,1025592,0,26.0,,,
run,haiku,T2,14,5,0.67,0.6666666666666666,True,B,0.37549525000000006,374.73196099999996,245.322701,129.40926,105,22500,61629,1858540,1942774,0,38.0,,,
run,haiku,T2,15,1,0.83,0.8883333333333333,True,A,0.33683825000000006,331.932773,230.387644,101.545129,51,7312,29636,867629,904628,0,23.0,,,
run,haiku,T2,15,2,1.0,1.0,True,S,0.34206195,285.727345,182.008771,103.718574,84,13161,46531,2180092,2239868,0,42.0,,,
run,haiku,T2,15,3,0.83,0.8333333333333334,True,A,0.28228375,296.13712799999996,152.900283,143.236845,55,9634,41507,1821750,1872946,0,38.0,,,
run,haiku,T2,15,4,0.83,0.8333333333333334,True,A,0.25523300000000004,257.331177,165.113623,92.217554,88,6690,39028,1729100,1774906,0,37.0,,,
run,haiku,T2,15,5,0.83,0.8333333333333334,True,A,0.21735725,322.293425,144.571064,177.722361,75,6378,40995,1341485,1388933,0,31.0,,,
run,haiku,T3,01,1,0.56,0.555,False,C,2.9035761499999997,607.249712,487.364079,119.885633,97,14177,126101,3043010,3183385,0,55.0,,,
run,haiku,T3,01,2,0.83,0.8333333333333334,True,A,2.5919038500000005,765.8217609999999,640.219219,125.602542,41,29398,70591,3500126,3600156,0,56.0,,,
run,haiku,T3,02,1,0.83,0.9175,True,A,4.442738900000001,1360.1433579999998,1188.646149,171.497209,32,42422,91653,5062634,5196741,0,72.0,,,
run,haiku,T3,02,2,0.83,0.8333333333333334,True,A,1.8545032999999995,716.681601,601.626075,115.055526,29,24077,77408,4766944,4868458,0,68.0,,,
run,haiku,T3,02,3,1.0,1.0,True,S,2.67376035,1004.13744,896.409458,107.727982,35,41559,79156,2922136,3042886,0,44.0,,,
run,haiku,T3,02,4,0.5,0.5,False,C,3.8347031000000005,1393.714162,1278.539925,115.174237,22,32955,85703,2722976,2841656,0,37.0,,,
run,haiku,T3,02,5,0.83,0.8333333333333334,True,A,3.9230311999999996,1143.241635,1016.972477,126.269158,43,26985,73538,4843257,4943823,0,70.0,,,
run,haiku,T3,03,1,0.5,0.3333333333333333,False,C,1.6564103999999997,712.3575490000001,617.39386,94.963689,66,32268,63629,2230497,2326460,0,36.0,,,
run,haiku,T3,03,2,0.0,0.0,False,F,4.495456599999999,774.194225,698.090682,76.103543,3451,7733,49054,323353,383591,0,12.0,,,
run,haiku,T3,04,1,0.0,0.0,False,F,2.05784365,480.21403799999996,399.769033,80.445005,26,5336,84102,552303,641767,0,19.0,,,
run,haiku,T3,04,2,0.67,0.6666666666666666,True,B,1.2202608000000001,623.1942889999999,524.654559,98.53973,52,21125,60670,2678014,2759861,0,45.0,,,
run,haiku,T3,04,3,0.0,0.0,False,F,4.40075765,1455.676518,1315.805423,139.871095,80,17896,74792,2056504,2149272,0,41.0,,,
run,haiku,T3,04,4,0.89,0.8883333333333333,True,A,2.5330921,741.8147220000001,617.320825,124.493897,71,11854,79694,1767172,1858791,0,36.0,,,
run,haiku,T3,04,5,1.0,1.0,True,S,5.162252649999998,1641.680567,1491.715529,149.965038,41,19381,54657,1726448,1800527,0,32.0,,,
run,haiku,T3,05,1,0.833,0.8333333333333334,True,A,1.0856368500000002,567.989588,473.192483,94.797105,60,19924,65880,2528723,2614587,0,44.0,,,
run,haiku,T3,05,2,0.833,0.8333333333333334,True,A,0.3167445500000001,274.07647699999995,186.084772,87.991705,55,8303,45447,936762,990567,0,22.0,,,
run,haiku,T3,05,3,0.0,0.0,False,F,2.2190197000000005,390.862615,328.641144,62.221471,72,5863,92958,1136465,1235358,0,25.0,,,
run,haiku,T3,05,4,0.83,0.8333333333333334,True,A,0.38179755,324.262107,221.655985,102.606122,71,11814,58185,2499253,2569323,0,45.0,,,
run,haiku,T3,05,5,1.0,1.0,True,S,1.4999829999999998,575.788608,448.201715,127.586893,91,16427,66857,2981270,3064645,0,49.0,,,
run,haiku,T3,06,1,0.83,0.8333333333333334,True,A,0.25498760000000004,296.93814,171.797124,125.141016,74,8967,48588,1493436,1551065,0,32.0,,,
run,haiku,T3,06,2,1.0,1.0,True,S,0.42869444999999995,440.904267,289.552102,151.352165,52,12845,43254,1458634,1514785,0,33.0,,,
run,haiku,T3,06,3,0.33,0.3333333333333333,False,D,0.249969,268.618497,156.226963,112.391534,47,3977,23049,680087,707160,0,20.0,,,
run,haiku,T3,06,4,0.33,0.3333333333333333,False,D,0.4957365000000001,490.232387,286.309667,203.92272,83,14510,46571,2060130,2121294,0,41.0,,,
run,haiku,T3,07,1,0.67,0.6666666666666666,True,B,0.45169379999999987,368.69642,262.089595,106.606825,63,15055,46004,1554055,1615177,0,34.0,,,
run,haiku,T3,07,2,0.83,0.8333333333333334,True,A,0.39023065,356.768889,223.328077,133.440812,69,8847,45334,1704095,1758345,0,38.0,,,
run,haiku,T3,07,3,0.833,0.8333333333333334,True,A,1.1391073999999997,478.345748,367.545909,110.799839,63,17700,56219,2163567,2237549,0,43.0,,,
run,haiku,T3,07,4,0.83,0.8333333333333334,True,A,1.4442283,663.754724,525.82408,137.930644,77,27922,76535,3046576,3151110,0,51.0,,,
run,haiku,T3,07,5,1.0,1.0,True,S,0.43471004999999996,366.745606,281.845822,84.899784,110,11532,38570,1636146,1686358,0,38.0,,,
run,haiku,T3,08,1,0.72,0.7216666666666667,True,B,0.81115065,510.180698,425.991509,84.189189,56,31621,76739,3131993,3240409,0,50.0,,,
run,haiku,T3,08,2,0.833,0.8333333333333334,True,A,0.43376214999999996,351.089531,259.538153,91.551378,53,10648,47487,1840184,1898372,0,42.0,,,
run,haiku,T3,08,3,0.67,0.6666666666666666,True,B,0.4940817,385.193634,270.137135,115.056499,74,14311,45448,1962993,2022826,0,41.0,,,
run,haiku,T3,08,4,1.0,1.0,True,S,0.7751686999999997,533.160029,396.377827,136.782202,58,21301,65683,2531656,2618698,0,46.0,,,
run,haiku,T3,08,5,0.67,0.6666666666666666,True,B,0.5701947000000002,363.866274,287.697732,76.168542,44,9998,43157,1520548,1573747,0,31.0,,,
run,haiku,T3,09,1,0.83,0.8333333333333334,True,A,0.4684887999999999,325.751017,225.57247,100.178547,53,10093,50497,2116773,2177416,0,43.0,,,
run,haiku,T3,09,2,0.0,0.0,False,F,2.3744920499999997,545.948192,449.332045,96.616147,65,5616,108473,949833,1063987,0,22.0,,,
run,haiku,T3,09,3,1.0,1.0,True,S,0.24240025000000004,300.86841100000004,191.562855,109.305556,59,12847,40461,1275300,1328667,0,30.0,,,
run,haiku,T3,09,4,0.67,0.6666666666666666,True,B,0.7521717,445.535673,358.8599,86.675773,52,20711,47415,1587671,1655849,0,35.0,,,
run,haiku,T3,09,5,0.67,0.6666666666666666,True,B,2.0234167000000003,1153.9350399999998,1047.888794,106.046246,72,34884,84852,3660038,3779846,0,51.0,,,
run,haiku,T3,10,1,0.89,0.89,True,A,0.5989635000000001,456.01081899999997,345.100395,110.910424,46,20882,58904,2458002,2537834,0,45.0,,,
run,haiku,T3,10,2,1.0,1.0,True,S,0.23097410000000004,263.183008,167.474099,95.708909,79,12639,41480,1158501,1212699,0,29.0,,,
run,haiku,T3,10,3,0.833,0.8333333333333334,True,A,1.0774756,448.175972,345.567558,102.608414,76,9744,36171,1159811,1205802,0,32.0,,,
run,haiku,T3,10,4,0.67,0.6666666666666666,True,B,0.8313187000000001,466.414624,376.272739,90.141885,61,13545,58268,2750197,2822071,0,50.0,,,
run,haiku,T3,10,5,0.83,0.8333333333333334,True,A,0.7751298,485.02713500000004,374.387938,110.639197,52,6342,24364,519739,550497,0,15.0,,,
run,haiku,T3,11,1,0.67,0.6666666666666666,True,B,1.1674948000000003,662.4880009999999,554.81367,107.674331,63,45554,92990,5377377,5515984,0,76.0,,,
run,haiku,T3,11,2,0.83,0.8333333333333334,True,A,0.25592255,348.23375999999996,181.816164,166.417596,51,6420,32702,853890,893063,0,22.0,,,
run,haiku,T3,11,3,0.0,0.0,False,F,2.248012400000001,477.102704,421.343617,55.759087,1731,5321,66684,406752,480488,0,14.0,,,
run,haiku,T3,11,4,1.0,1.0,True,S,0.27946715,298.74314100000004,213.115384,85.627757,62,4916,24346,784719,814043,0,23.0,,,
run,haiku,T3,11,5,0.67,0.6666666666666666,True,B,0.9786945,471.151214,367.044785,104.106429,78,14759,66361,2903389,2984587,0,46.0,,,
run,haiku,T3,12,1,1.0,1.0,True,S,0.5089863,363.08342600000003,253.511501,109.571925,77,16404,73892,3345243,3435616,0,52.0,,,
run,haiku,T3,12,2,0.833,0.8333333333333334,True,A,0.13590475000000002,201.842397,110.015196,91.827201,76,3996,30389,778625,813086,0,22.0,,,
run,haiku,T3,12,3,1.0,1.0,True,S,1.6876221000000002,698.855133,582.682693,116.17244,67,22336,64160,2700904,2787467,0,46.0,,,
run,haiku,T3,12,4,1.0,1.0,True,S,0.37079405000000004,343.68559,243.912393,99.773197,44,13205,40463,1129672,1183384,0,26.0,,,
run,haiku,T3,12,5,1.0,1.0,True,S,0.33217244999999995,297.984666,192.626327,105.358339,55,6828,40554,1098341,1145778,0,24.0,,,
run,haiku,T3,13,1,0.67,0.6666666666666666,True,B,0.9461558999999999,580.29688,482.748169,97.548711,48,31544,75278,3795137,3902007,0,56.0,,,
run,haiku,T3,13,2,1.0,1.0,True,S,0.16007465,204.513772,101.914802,102.59897,63,4428,37483,910179,952153,0,23.0,,,
run,haiku,T3,13,3,0.83,0.8333333333333334,True,A,1.6219904500000004,680.397899,583.543994,96.853905,10,1409,4098,466856,472373,0,5.0,,,
run,haiku,T3,13,4,0.67,0.6666666666666666,True,B,0.40932545000000004,450.746215,274.232204,176.514011,52,19432,43847,1290867,1354198,0,29.0,,,
run,haiku,T3,13,5,0.0,0.0,False,F,0.27235655000000003,216.695028,160.18597,56.509058,60,5152,30642,804603,840457,0,21.0,,,
run,haiku,T3,14,1,0.67,0.6783333333333333,True,B,4.881943849999999,997.201116,884.472275,112.728841,41,19803,60775,2123733,2204352,0,38.0,,,
run,haiku,T3,14,2,0.833,0.8333333333333334,True,A,0.4416832,418.283957,298.742218,119.541739,44,10314,41306,949039,1000703,0,23.0,,,
run,haiku,T3,14,3,0.83,0.8333333333333334,True,A,0.5000348500000001,351.844038,239.597765,112.246273,91,15801,59473,3465976,3541341,0,61.0,,,
run,haiku,T3,15,1,0.5,0.5,False,C,2.1253827000000003,419.139313,288.998193,130.14112,25,4860,60086,1038387,1103358,0,23.0,,,
run,haiku,T3,15,2,0.83,0.8333333333333334,True,A,1.5479913499999998,640.216192,493.627812,146.58838,49,27316,71017,4913290,5011672,0,84.0,,,
run,haiku,T3,17,1,0.89,0.8883333333333333,True,A,4.4493327,632.954913,508.996726,123.958187,79,20093,97763,5285240,5403175,0,72.0,,,
run,haiku,T3,17,2,0.67,0.6666666666666666,True,B,1.2190292,583.646491,500.576789,83.069702,57,27962,70591,3209111,3307721,0,52.0,,,
run,haiku,T3,17,3,0.33,0.3333333333333333,False,D,0.6739874000000001,500.87600799999996,309.393936,191.482072,48,5423,30435,1002783,1038689,0,27.0,,,
run,haiku,T3,17,4,0.67,0.6666666666666666,False,B,0.27012870000000005,309.74156400000004,176.268663,133.472901,42,2894,25545,592538,621019,0,16.0,,,
run,haiku,T3,17,5,0.72,0.7216666666666667,True,B,0.5927401499999999,407.294478,269.825896,137.468582,66,13286,61958,3733542,3808852,0,62.0,,,
run,haiku,T3,18,1,1.0,1.0,True,S,0.28858459999999997,283.55823,171.758165,111.800065,52,5666,36570,1109154,1151442,0,27.0,,,
run,haiku,T3,18,2,0.83,0.8333333333333334,True,A,0.9940918999999997,452.794177,358.027206,94.766971,98,26361,84422,4894824,5005705,0,70.0,,,
run,haiku,T3,18,3,1.0,1.0,True,S,0.26964105,331.557348,228.547312,103.010036,66,12970,40037,1546788,1599861,0,38.0,,,
run,haiku,T3,18,4,0.67,0.6666666666666666,True,B,1.2359981000000002,589.384252,497.556764,91.827488,36,30267,57626,1937288,2025217,0,38.0,,,
run,haiku,T3,18,5,1.0,1.0,True,S,4.139056500000001,776.055563,700.675782,75.379781,64,16587,85127,3673985,3775763,0,55.0,,,
run,haiku,T3,19,1,0.67,0.6666666666666666,True,B,0.2648106,262.92438,144.9664,117.95798,92,5387,49666,1757011,1812156,0,35.0,,,
run,haiku,T3,19,2,1.0,1.0,True,S,9.230483099999997,1361.7186040000001,1223.82266,137.895944,148,36801,177637,9560187,9774773,0,115.0,,,
run,haiku,T3,19,3,0.0,0.0,False,F,1.2473594,489.847695,414.712018,75.135677,82,6396,54768,1480954,1542200,0,32.0,,,
run,haiku,T3,19,4,0.833,0.8333333333333334,True,A,0.5589658000000001,415.005204,293.672414,121.33279,47,12474,56050,2654095,2722666,0,48.0,,,
run,haiku,T3,20,1,0.67,0.6666666666666666,True,B,0.27643949999999995,279.698803,176.479924,103.218879,52,5945,28141,775844,809982,0,21.0,,,
run,haiku,T3,20,2,0.0,0.0,False,F,0.25471790000000005,212.35586,151.466874,60.888986,64,6119,22115,593589,621887,0,18.0,,,
run,haiku,T4,01,1,0.83,0.8333333333333334,True,A,2.0766827000000014,733.5244779999999,621.571523,111.952955,33,35601,95826,6898962,7030422,0,89.0,,,
run,haiku,T4,01,2,0.83,0.8333333333333334,True,A,4.66304895,864.354002,778.358523,85.995479,47,26320,77231,6137472,6241070,0,93.0,,,
run,haiku,T4,01,3,0.83,0.8333333333333334,True,A,2.108216,738.141486,635.05143,103.090056,28,12170,43502,1576974,1632674,0,35.0,,,
run,haiku,T4,01,4,1.0,1.0,True,S,2.0645783999999994,580.959924,475.949132,105.010792,32,13928,44769,1608984,1667713,0,33.0,,,
run,haiku,T4,01,5,1.0,1.0,True,S,5.461831199999999,897.55242,799.274883,98.277537,29,18527,56345,2176762,2251663,0,37.0,,,
run,haiku,T4,02,1,0.83,0.8333333333333334,True,A,0.6947021999999999,397.67011,280.709426,116.960684,39,11668,47741,1667162,1726610,0,35.0,,,
run,haiku,T4,02,2,0.5,0.5,False,C,0.20306420000000008,233.94282299999998,120.219597,113.723226,116,5137,45978,1197907,1249138,0,33.0,,,
run,haiku,T4,02,3,0.67,0.6666666666666666,True,B,0.7079206999999998,881.259707,781.853238,99.406469,9,3247,4748,435843,443847,0,5.0,,,
run,haiku,T4,02,4,0.5,0.5,False,C,1.9785719000000006,967.911591,800.5058,167.405791,35,33229,79894,4761249,4874407,0,67.0,,,
run,haiku,T4,02,5,0.667,0.6666666666666666,True,B,0.3296158,314.849335,217.993018,96.856317,51,9693,30492,1059819,1100055,0,28.0,,,
run,haiku,T4,03,1,1.0,1.0,True,S,0.43058704999999997,407.85128999999995,294.030538,113.820752,51,15135,43672,1534971,1593829,0,33.0,,,
run,haiku,T4,03,2,0.67,0.6666666666666666,True,B,0.5190248,374.736132,280.199922,94.53621,51,8801,38035,1276356,1323243,0,31.0,,,
run,haiku,T4,03,3,0.83,1.0,True,A,0.6058633,417.89681,303.820663,114.076147,92,18577,71218,4238638,4328525,0,69.0,,,
run,haiku,T4,03,4,0.833,0.8888333333333334,True,A,0.16115375,870.8441389999999,772.538423,98.305716,78,5339,30263,965520,1001200,0,25.0,,,
run,haiku,T4,03,5,0.83,0.8333333333333334,True,A,0.8852343500000004,621.228192,465.118309,156.109883,55,25003,74191,4423017,4522266,0,65.0,,,
run,haiku,T4,04,1,0.0,,False,F,0.7539181,524.523637,450.071279,74.452358,53,29053,73237,3644003,3746346,0,58.0,,,
run,haiku,T4,05,1,1.0,1.0,True,S,0.31307264999999995,320.448956,207.022253,113.426703,37,7836,29993,1321643,1359509,0,33.0,,,
run,haiku,T4,05,2,0.83,0.8333333333333334,True,A,0.35577915000000004,318.66515000000004,199.856491,118.808659,108,9113,52314,1654910,1716445,0,34.0,,,
run,haiku,T4,05,3,1.0,1.0,True,S,1.7735676000000002,593.857272,497.100159,96.757113,45,20077,71336,3618429,3709887,0,57.0,,,
run,haiku,T4,05,4,0.83,0.8333333333333334,True,A,0.4987995000000001,395.94773299999997,283.920433,112.0273,47,12700,46919,2687873,2747539,0,52.0,,,
run,haiku,T4,05,5,0.67,0.6666666666666666,True,B,0.39318825000000013,396.365506,267.770063,128.595443,33,6262,24319,387484,418098,0,12.0,,,
run,haiku,T4,06,1,0.89,0.8883333333333333,True,A,0.49549940000000003,329.79145300000005,194.084627,135.706826,94,10348,57150,2165980,2233572,0,43.0,,,
run,haiku,T4,06,2,0.833,0.8333333333333334,True,A,0.5217204000000002,666.635729,547.412966,119.222763,15,1691,3948,517476,523130,0,6.0,,,
run,haiku,T4,06,3,0.33,0.16666666666666666,False,D,0.45339125,506.840657,367.352999,139.487658,69,28250,49952,1294154,1372425,0,28.0,,,
run,haiku,T4,06,4,0.0,0.0,False,F,0.9394810000000001,255.772766,199.864994,55.907772,29,3358,47637,516534,567558,0,16.0,,,
run,haiku,T4,06,5,0.83,0.8333333333333334,True,A,0.4534092,475.776029,329.19322,146.582809,86,24092,46556,1482838,1553572,0,34.0,,,
run,haiku,T4,07,1,0.83,0.8333333333333334,True,A,0.4595839,388.291922,242.885454,145.406468,81,8645,48024,1872091,1928841,0,40.0,,,
run,haiku,T4,07,2,0.83,0.8333333333333334,True,A,0.33814730000000004,364.455774,272.719224,91.73655,53,13225,37237,1145386,1195901,0,28.0,,,
run,haiku,T4,07,3,0.67,0.6666666666666666,True,B,1.34723755,591.64272,460.587222,131.055498,41,12240,54948,2497278,2564507,0,46.0,,,
run,haiku,T4,07,4,0.67,0.6666666666666666,True,B,0.7696957999999999,609.360144,479.801495,129.558649,39,26134,63741,4173455,4263369,0,71.0,,,
run,haiku,T4,07,5,0.67,0.6666666666666666,True,B,0.5667769500000001,472.399722,331.770957,140.628765,53,11350,40973,1447097,1499473,0,33.0,,,
run,haiku,T4,08,1,0.83,0.8333333333333334,True,A,2.145745349999999,590.1874300000001,450.451674,139.735756,47,32116,103994,6003721,6139878,0,82.0,,,
run,haiku,T4,08,2,1.0,1.0,True,S,1.51251355,455.80067199999996,352.598577,103.202095,53,14420,79193,2314768,2408434,0,42.0,,,
run,haiku,T4,09,1,0.44,0.445,False,C,7.182622300000002,1333.2468270000002,1223.672925,109.573902,50,14661,74253,3282683,3371647,0,59.0,,,
run,haiku,T4,09,2,1.0,1.0,True,S,0.41491125,361.70968,240.077616,121.632064,79,11272,40235,1660763,1712349,0,34.0,,,
run,haiku,T4,09,3,1.0,1.0,True,S,0.19005515,239.019937,127.953482,111.066455,58,5518,25767,1301984,1333327,0,33.0,,,
run,haiku,T4,09,4,0.0,0.0,False,F,0.0891687,265.563181,113.179682,152.383499,63,2935,15426,551482,569906,0,17.0,,,
run,haiku,T4,09,5,1.0,1.0,True,S,3.3255751499999997,819.284029,657.851983,161.432046,45,28147,84771,5575394,5688357,0,73.0,,,
run,haiku,T4,10,1,0.44,0.445,False,C,0.6409911999999999,483.542407,376.833482,106.708925,74,26168,89345,2162101,2277688,0,37.0,,,
run,haiku,T4,10,2,1.0,1.0,True,S,0.5883070499999999,457.58879299999995,369.435755,88.153038,115,24985,79279,3641683,3746062,0,55.0,,,
run,haiku,T4,10,3,1.0,1.0,True,S,0.460209,334.888998,238.238845,96.650153,62,16049,54796,3114070,3184977,0,52.0,,,
run,haiku,T4,10,4,0.83,0.8333333333333334,True,A,0.4097235,511.541431,303.298666,208.242765,61,19393,58578,2394750,2472782,0,42.0,,,
run,haiku,T4,10,5,0.83,0.8333333333333334,True,A,0.8465452000000001,428.56100399999997,317.34594,111.215064,85,15140,69128,4322047,4406400,0,63.0,,,
run,haiku,T4,11,1,0.833,0.8333333333333334,True,A,0.18049905,246.455897,165.347135,81.108762,62,10386,35277,844108,889833,0,21.0,,,
run,haiku,T4,11,2,1.0,1.0,True,S,0.22221785000000002,305.542422,179.104421,126.438001,58,8163,33113,1399536,1440870,0,34.0,,,
run,haiku,T4,11,3,1.0,1.0,True,S,0.45299110000000004,335.830681,231.460979,104.369702,77,10046,42142,1895863,1948128,0,39.0,,,
run,haiku,T4,11,4,0.67,0.6666666666666666,True,B,4.298212900000001,975.141024,769.283211,205.857813,51,36037,82631,2127405,2246124,0,31.0,,,
run,haiku,T4,11,5,0.83,0.8333333333333334,True,A,2.5082400499999995,726.8611030000001,611.418797,115.442306,39,5527,24468,893693,923727,0,23.0,,,
run,haiku,T4,12,1,0.83,0.8333333333333334,True,A,0.47301979999999993,398.112089,306.212713,91.899376,86,16691,43221,1717213,1777211,0,35.0,,,
run,haiku,T4,12,2,0.83,0.8333333333333334,True,A,0.6239574,500.789986,373.682826,127.10716,59,30815,60028,2448654,2539556,0,46.0,,,
run,haiku,T4,12,3,0.83,0.7783333333333333,True,A,1.5087418000000001,885.760757,769.077542,116.683215,56,17880,65603,3057300,3140839,0,51.0,,,
run,haiku,T4,12,4,1.0,1.0,True,S,3.1888099,1128.129474,1018.331694,109.79778,47,11875,50311,2914094,2976327,0,53.0,,,
run,haiku,T4,12,5,1.0,1.0,True,S,0.61306765,643.7518309999999,527.655406,116.096425,8,1457,2373,323967,327805,0,4.0,,,
run,haiku,T4,13,1,0.83,0.8333333333333334,True,A,0.4496365,414.85463699999997,274.297696,140.556941,56,13120,46994,1695163,1755333,0,33.0,,,
run,haiku,T4,13,2,1.0,1.0,True,S,0.25224865,281.68379,170.502182,111.181608,54,7914,58563,1394209,1460740,0,33.0,,,
run,haiku,T4,13,3,0.83,0.7783333333333333,True,A,1.4874919999999996,541.8496580000001,420.030564,121.819094,88,25600,85475,6223505,6334668,0,82.0,,,
run,haiku,T4,13,4,1.0,1.0,True,S,0.30264289999999994,229.244057,142.52964,86.714417,81,9686,55144,1852019,1916930,0,34.0,,,
run,haiku,T4,13,5,0.83,0.8333333333333334,True,A,0.24119439999999992,261.84804,152.582377,109.265663,72,6513,38318,1606599,1651502,0,35.0,,,
run,haiku,T4,14,1,1.0,1.0,True,S,2.420055600000002,591.440023,512.644149,78.795874,61,21342,61483,3313576,3396462,0,55.0,,,
run,haiku,T4,14,2,1.0,1.0,True,S,0.7270904,381.48150499999997,271.562053,109.919452,64,10455,44008,1754304,1808831,0,37.0,,,
run,haiku,T4,14,3,1.0,1.0,True,S,0.11537335000000001,237.46199000000001,100.26425,137.19774,86,4927,19733,659861,684607,0,20.0,,,
run,haiku,T4,14,4,1.0,1.0,True,S,0.25476705000000005,263.969898,172.591083,91.378815,55,5620,28368,1203974,1238017,0,28.0,,,
run,haiku,T4,14,5,1.0,1.0,True,S,0.74896215,425.476686,354.886086,70.5906,78,29084,86377,4954929,5070468,0,67.0,,,
run,haiku,T0,00,2,0.15,0.2375,False,F,1.5956638500000002,227.092261,199.808195,27.284066,74,6231,109078,894988,1010371,0,25.0,,,
run,haiku,T0,01,1,0.52,0.5571428571428572,False,C,0.03821419999999999,160.171348,45.911648,114.2597,8,537,26380,25462,52387,0,2.0,,,
run,haiku,T0,01,2,0.78,0.7142857142857143,True,B,0.1088685,277.150212,109.825406,167.324806,54,3911,19826,644770,668561,0,21.0,,,
run,haiku,T0,01,3,0.12,0.08333333333333333,False,F,0.0312442,174.734869,77.898969,96.8359,27,1095,5172,192772,199066,0,8.0,,,
run,haiku,T0,01,4,0.52,0.7222222222222222,False,C,0.58934935,831.012232,538.876165,292.136067,27,2064,31275,188313,221679,0,10.0,,,
run,haiku,T0,01,5,0.0,0.0,False,F,0.10656580000000002,158.255398,99.654947,58.600451,43,4024,17186,649203,670456,0,22.0,,,
run,haiku,T0,02,1,0.73,0.78125,True,B,0.068813,173.240035,72.838858,100.401177,38,2461,14498,383475,400472,0,13.0,,,
run,haiku,T0,02,2,0.72,0.8,True,B,0.1652838,278.655087,156.59925,122.055837,48,8829,25554,891483,925914,0,25.0,,,
run,haiku,T0,02,3,0.82,0.8625,True,A,0.11728675000000001,267.640802,140.949448,126.691354,43,5353,18905,668475,692776,0,21.0,,,
run,haiku,T0,02,4,0.72,0.7999999999999999,True,B,0.19584074999999998,294.48046899999997,167.282927,127.197542,54,8165,34771,1114980,1157970,0,29.0,,,
run,haiku,T0,02,5,0.0,,False,F,0.35197860000000014,279.904108,215.630961,64.273147,64,10082,44584,2457746,2512476,0,50.0,,,
run,haiku,T0,04,1,0.72,0.75,True,B,0.09342990000000001,205.280254,81.005319,124.274935,53,3262,22418,490444,516177,0,17.0,,,
run,haiku,T0,04,2,0.72,0.8333333333333334,True,B,0.14053235,259.315089,124.871206,134.443883,57,4837,24811,852766,882471,0,25.0,,,
run,haiku,T0,04,3,0.82,0.875,True,A,0.21558755,324.21426099999996,179.653899,144.560362,70,14888,31215,1020588,1066761,0,28.0,,,
run,haiku,T0,04,4,0.72,0.7666666666666666,True,B,0.2882667000000001,396.829831,236.284066,160.545765,38,16963,37716,1562687,1617404,0,41.0,,,
run,haiku,T0,04,5,0.72,0.7285714285714285,True,B,0.06182965,231.960625,83.816532,148.144093,41,2220,12603,349349,364213,0,12.0,,,
run,haiku,T0,05,1,0.85,0.8529411764705882,True,A,0.28378,338.423459,217.398179,121.02528,29,15923,46160,1464360,1526472,0,33.0,,,
run,haiku,T0,05,2,0.05,0.0,False,F,0.1464329,174.374077,99.200841,75.173236,55,3194,36736,844879,884864,0,19.0,,,
run,haiku,T0,05,3,0.71,0.65,True,B,0.24413725000000003,330.71990400000004,200.862266,129.857638,68,14053,39783,1240755,1294659,0,28.0,,,
run,haiku,T0,05,4,0.52,0.65,False,C,0.13692050000000003,314.77623500000004,112.268189,202.508046,65,6399,29678,677630,713772,0,21.0,,,
run,haiku,T0,05,5,0.82,0.8833333333333334,True,A,0.36246750000000005,472.18901900000003,308.289402,163.899617,50,29697,54800,1454325,1538872,0,31.0,,,
run,haiku,T1,01,1,0.85,0.875,True,A,0.12334629999999998,180.040506,94.019031,86.021475,81,4023,26482,700478,731064,0,21.0,,,
run,haiku,T1,01,2,0.52,0.65,False,C,0.17403620000000003,266.65745000000004,137.791112,128.866338,75,7152,27728,1035412,1070367,0,34.0,,,
run,haiku,T1,01,3,0.52,0.7636363636363637,False,C,0.28764030000000007,328.82563600000003,196.907834,131.917802,63,7592,28830,1114502,1150987,0,31.0,,,
run,haiku,T1,01,4,0.62,0.70625,True,B,0.33434135000000004,424.78132600000004,238.124207,186.657119,58,18037,40475,1935046,1993616,0,51.0,,,
run,haiku,T1,01,5,0.85,0.8800000000000001,True,A,1.8182718999999996,491.42378399999996,389.206666,102.217118,37,18974,44680,1819949,1883640,0,40.0,,,
run,haiku,T1,02,1,0.52,0.6000000000000001,False,C,0.19900405,316.087106,137.749039,178.338067,80,6706,39827,1156103,1202716,0,32.0,,,
run,haiku,T1,02,2,0.55,0.6428571428571429,False,C,0.2770986,475.556207,300.632012,174.924195,82,7084,39618,1920741,1967525,0,50.0,,,
run,haiku,T1,02,3,0.72,0.8125,True,B,0.39074159999999997,375.111022,221.080939,154.030083,33,6914,67942,2712111,2787000,0,46.0,,,
run,haiku,T1,02,4,0.05,0.0125,False,F,0.2938845,626.716196,558.659849,68.056347,0,375,934,58495,59804,0,1.0,,,
run,haiku,T1,02,5,0.72,0.7375,True,B,0.17820190000000008,233.42222600000002,108.3383,125.083926,60,5073,29618,1157544,1192295,0,32.0,,,
run,haiku,T1,03,1,0.82,0.8681818181818183,True,A,0.9878918999999998,560.840344,416.463354,144.37699,73,28028,69860,5530707,5628668,0,86.0,,,
run,haiku,T1,03,2,0.72,0.8300000000000001,True,B,0.6295719499999999,620.497138,364.088541,256.408597,61,26040,64373,4188447,4278921,0,77.0,,,
run,haiku,T1,03,3,0.0,0.0,False,F,0.1510382,168.416482,90.666999,77.749483,57,3934,32872,902212,939075,0,25.0,,,
run,haiku,T1,03,4,0.55,0.5454545454545454,False,C,0.46372185000000005,380.44884,251.384953,129.063887,53,20875,55811,2895301,2972040,0,57.0,,,
run,haiku,T1,03,5,0.38,0.4166666666666667,False,D,0.06686829999999999,213.248952,95.471373,117.777579,50,2449,12206,393158,407863,0,14.0,,,
run,haiku,T1,04,1,0.62,0.7285714285714285,True,B,0.1315368,277.184669,120.685045,156.499624,49,5940,26930,681253,714172,0,20.0,,,
run,haiku,T1,04,2,0.1,0.06,False,F,0.16699440000000002,544.744266,473.095215,71.649051,0,37,652,45281,45970,0,1.0,,,
run,haiku,T1,04,3,0.62,0.7875,True,B,0.10951600000000002,270.038539,108.58799,161.450549,53,5297,18554,597855,621759,0,20.0,,,
run,haiku,T2,01,1,0.85,0.8833333333333333,True,A,0.7004748000000001,489.53733,363.16284,126.37449,84,12941,72924,5445308,5531257,0,77.0,,,
run,haiku,T2,01,2,0.52,0.575,False,C,0.35006729999999997,357.554427,185.228616,172.325811,73,10561,70370,2092268,2173272,0,32.0,,,
run,haiku,T2,01,3,0.87,0.88125,True,A,0.07031659999999999,190.64389699999998,71.965476,118.678421,56,2624,14258,393181,410119,0,14.0,,,
run,haiku,T2,01,4,0.83,0.8333333333333334,True,A,0.2244761,411.631121,164.316215,247.314906,51,6885,30996,1512551,1550483,0,39.0,,,
run,haiku,T2,01,5,0.82,0.92,True,A,0.14321935,302.584702,145.060609,157.524093,52,6180,23823,824886,854941,0,24.0,,,
run,haiku,T2,02,1,0.85,0.9,True,A,0.21189244999999995,434.49956000000003,341.537702,92.961858,0,601,804,53768,55173,0,1.0,,,
run,haiku,T2,02,2,0.82,0.95,True,A,0.5562914,428.042725,329.507941,98.534784,40,11652,49227,2327051,2387970,0,48.0,,,
run,haiku,T2,02,3,0.52,0.7000000000000001,False,C,0.2728901,423.246322,261.738356,161.507966,101,18594,41706,1276866,1337267,0,34.0,,,
run,haiku,T2,02,4,0.52,0.6,False,C,0.4387587499999999,409.31415100000004,252.195652,157.118499,48,13359,38435,1089793,1141635,0,27.0,,,
run,haiku,T2,02,5,0.82,0.91875,True,A,0.17748985000000003,255.91650900000002,122.23653,133.679979,74,7161,28695,1057421,1093351,0,35.0,,,
run,haiku,T2,03,1,0.55,0.5833333333333334,False,C,0.09262119999999999,261.106582,105.359687,155.746895,44,3340,21740,487022,512146,0,15.0,,,
run,haiku,T2,03,2,0.38,0.4666666666666667,False,D,0.31685760000000013,405.905807,202.592958,203.312849,51,9731,26503,776864,813149,0,23.0,,,
run,haiku,T2,03,3,0.72,0.7416666666666667,True,B,0.0820943,209.444431,86.488183,122.956248,51,2893,14842,490258,508044,0,17.0,,,
run,haiku,T2,03,4,0.62,0.7444444444444445,True,B,0.48460675000000014,379.630871,250.701389,128.929482,63,15877,70875,3165650,3252465,0,51.0,,,
run,haiku,T2,03,5,0.72,0.775,True,B,0.11446510000000001,254.17154299999999,125.086752,129.084791,44,4156,18250,708286,730736,0,23.0,,,
run,haiku,T2,04,1,0.65,0.7428571428571429,True,B,0.33437084999999994,288.235617,188.350861,99.884756,39,6486,31790,779258,817573,0,22.0,,,
run,haiku,T2,04,2,0.88,0.9,True,A,2.651234700000001,682.589256,577.83561,104.753646,64,27903,73413,5566989,5668369,0,83.0,,,
run,haiku,T2,04,3,0.88,0.9125,True,A,0.14163195,324.185693,139.156422,185.029271,47,5881,24887,810712,841527,0,24.0,,,
run,haiku,T2,04,4,0.82,0.8428571428571429,True,A,0.23718639999999996,590.766977,414.770443,175.996534,9,930,3441,206349,210729,0,4.0,,,
run,haiku,T2,04,5,0.55,0.6625,False,C,0.0956329,291.191745,120.097155,171.09459,45,4040,13508,585029,602622,0,20.0,,,
run,haiku,T2,07,1,0.72,0.7083333333333334,True,B,0.1505486,244.239936,105.789769,138.450167,64,4415,47990,684221,736690,0,23.0,,,
run,haiku,T2,07,2,0.38,0.6066666666666667,False,D,0.5074989999999999,487.481591,375.153152,112.328439,48,24275,57144,3146460,3227927,0,67.0,,,
run,haiku,T2,07,3,0.82,0.9375,True,A,0.08859315000000001,222.535729,88.897269,133.63846,38,3748,16491,492014,512291,0,16.0,,,
run,haiku,T2,07,4,0.62,0.8375,True,B,0.05799755000000001,241.421683,80.099309,161.322374,42,2333,11335,321218,334928,0,12.0,,,
run,haiku,T2,07,5,0.55,0.6222222222222222,False,C,0.39019044999999997,359.284324,204.076589,155.207735,35,6412,26605,865335,898387,0,25.0,,,
run,haiku,T2,08,1,0.67,0.6499999999999999,True,B,0.21682310000000002,615.026649,505.46838,109.558269,36,7572,35536,1345071,1388215,0,35.0,,,
run,haiku,T2,08,2,0.82,0.8571428571428571,True,A,0.09271664999999998,252.314141,80.173393,172.140748,50,3385,18077,531454,552966,0,17.0,,,
run,haiku,T2,08,3,0.72,0.8166666666666668,True,B,0.2920083,497.00857900000005,298.850246,198.158333,33,9988,35208,1980253,2025482,0,49.0,,,
run,haiku,T2,08,4,0.62,0.7857142857142857,True,B,0.21756410000000004,846.39212,711.332053,135.060067,3,546,2345,117137,120031,0,2.0,,,
run,haiku,T2,08,5,0.65,0.7428571428571429,True,B,0.22030310000000003,255.655981,118.614659,137.041322,76,5713,48608,1309021,1363418,0,29.0,,,
run,haiku,T3,02,1,0.76,0.8250000000000001,True,B,2.6763341499999993,718.218441,616.593945,101.624496,29,22657,68456,3026714,3117856,0,49.0,,,
run,haiku,T3,02,2,0.52,0.625,False,C,2.2212940000000008,690.314125,568.87838,121.435745,44,9320,29404,782845,821613,0,22.0,,,
run,haiku,T3,02,3,0.58,0.74375,False,C,0.9350501999999998,427.36411300000003,284.262733,143.10138,60,9378,27991,935272,972701,0,27.0,,,
run,haiku,T3,02,4,0.0,,False,F,1.7704167499999997,635.850162,587.88307,47.967092,79,26190,55166,1359305,1440740,0,30.0,,,
run,haiku,T3,03,1,0.62,0.7125,True,B,0.51192115,535.281088,320.53267,214.748418,40,27476,71006,1952335,2050857,0,31.0,,,
run,haiku,T3,03,2,0.81,0.8722222222222222,True,A,0.6389073000000003,852.963664,704.687723,148.275941,18,5664,8108,410909,424699,0,9.0,,,
run,haiku,T3,03,3,0.82,0.91875,True,A,3.707741349999999,1097.452425,984.751815,112.70061,68,11080,69029,3414481,3494658,0,57.0,,,
run,haiku,T3,03,4,0.15,0.0375,False,F,0.10407775,195.68717900000001,95.880202,99.806977,66,3475,19901,617605,641047,0,20.0,,,
run,haiku,T3,03,5,0.67,0.8142857142857143,True,B,0.17477789999999999,278.24537,127.132804,151.112566,40,8572,38920,832279,879811,0,21.0,,,
run,haiku,T3,05,1,0.2,0.35714285714285715,False,D,2.3693136,668.0337020000001,569.425282,98.60842,28,22555,44052,640293,706928,0,15.0,,,
run,haiku,T3,05,2,0.85,0.8818181818181817,True,A,7.135024300000001,1227.8576529999998,1074.159491,153.698162,69,29741,111061,3860853,4001724,0,57.0,,,
run,haiku,T3,05,3,0.62,0.7000000000000001,True,B,1.7847879,487.99159,341.290417,146.701173,31,6557,21118,272781,300487,0,9.0,,,
run,haiku,T3,05,4,0.55,0.7000000000000001,False,C,1.9204566,605.7529509999999,453.736118,152.016833,38,18675,49517,1431321,1499551,0,34.0,,,
run,haiku,T3,05,5,0.05,0.016666666666666666,False,F,0.21365870000000006,457.107627,363.005967,94.10166,0,235,828,56785,57848,0,1.0,,,
run,haiku,T4,01,1,0.72,0.7357142857142858,True,B,2.1532443000000008,1058.453972,928.136869,130.317103,16,4996,11008,780229,796249,0,12.0,,,
run,haiku,T4,01,2,0.82,0.88125,True,A,1.8317163,568.783804,418.944789,149.839015,47,29264,59247,2271873,2360431,0,40.0,,,
run,haiku,T4,01,3,0.82,0.9055555555555556,True,A,1.8734618000000005,617.184937,501.431638,115.753299,36,23361,63937,3103338,3190672,0,52.0,,,
run,haiku,T4,01,4,0.91,0.9611111111111111,True,A,1.886260900000001,520.069158,417.505861,102.563297,41,19668,55060,2195649,2270418,0,44.0,,,
run,haiku,T4,01,5,0.72,0.84375,True,B,4.489116650000002,812.943312,637.942534,175.000778,22,14177,53701,1478919,1546819,0,26.0,,,
run,haiku,T4,02,1,0.82,0.8300000000000001,True,A,2.6793596499999985,716.565165,580.265017,136.300148,73,32051,78482,4838125,4948731,0,73.0,,,
run,haiku,T4,02,2,0.52,0.5700000000000001,False,C,1.12638855,386.371347,266.969056,119.402291,32,8263,21963,519116,549374,0,16.0,,,
run,haiku,T4,02,3,0.88,0.925,True,A,2.57330335,807.2018270000001,681.838013,125.363814,33,23973,61731,2880427,2966164,0,52.0,,,
run,haiku,T4,02,4,0.72,0.7571428571428571,True,B,0.49390365,918.628026,740.487221,178.140805,55,33018,60647,2529499,2623219,0,55.0,,,
run,haiku,T4,02,5,0.82,0.8999999999999999,True,A,0.523585,697.745178,571.299858,126.44532,3,901,2030,90896,93830,0,2.0,,,
run,haiku,T4,03,1,0.25,0.35000000000000003,False,D,0.23765364999999997,309.244326,166.587402,142.656924,68,7193,42199,1488719,1538179,0,32.0,,,
run,haiku,T4,03,2,0.83,0.8883333333333333,True,A,2.23238425,1231.4327739999999,342.170334,889.26244,64,5227,89311,1005507,1100109,0,23.0,,,
run,haiku,T4,03,3,0.52,0.5833333333333334,False,C,1.0835711000000001,597.302754,202.832827,394.469927,50,3897,16747,440961,461655,0,15.0,,,
run,haiku,T4,03,4,0.68,0.7428571428571428,True,B,0.471757,625.242386,471.875072,153.367314,0,422,1064,66706,68192,0,1.0,,,
run,haiku,T4,03,5,0.74,0.75,True,B,4.514127249999998,715.157944,572.879661,142.278283,44,18929,49055,1253580,1321608,0,28.0,,,
run,haiku,T4,04,1,0.08,0.22000000000000003,False,F,4.53849805,589.8267979999999,470.843736,118.983062,16,5366,40525,291416,337323,0,10.0,,,
run,haiku,T4,04,2,0.87,0.93,True,A,3.5114833999999995,710.1183510000001,569.805953,140.312398,2790,21485,66229,2665180,2755684,0,52.0,,,
run,haiku,T4,04,3,0.62,0.7999999999999999,True,B,0.05184950000000001,232.805744,97.867147,134.938597,42,2301,8876,292075,303294,0,11.0,,,
run,haiku,T4,04,4,0.72,0.8555555555555556,True,B,0.3388106999999999,365.662794,234.528555,131.134239,37,10187,30156,1291944,1332324,0,35.0,,,
run,haiku,T4,04,5,0.82,0.8857142857142858,True,A,1.5048057,602.865596,445.322347,157.543249,55,28918,73395,2697436,2799804,0,47.0,,,
run,haiku,T4,07,1,0.75,0.75,True,B,1.78480965,503.590867,399.972135,103.618732,45,29405,85536,3079694,3194680,0,53.0,,,
run,haiku,T4,07,2,0.55,0.4714285714285714,False,C,2.9863245000000007,855.3545409999999,629.566797,225.787744,43,29836,57157,1415180,1502216,0,28.0,,,
run,haiku,T4,07,3,0.28,0.2833333333333333,False,D,0.3934232,443.137602,298.967601,144.170001,38,21408,41285,885641,948372,0,23.0,,,
run,haiku,T4,07,4,0.72,0.8714285714285713,True,B,0.21852985000000003,269.85778400000004,150.437408,119.420376,49,10388,35945,1216096,1262478,0,37.0,,,
run,haiku,T4,07,5,0.52,0.7000000000000001,False,C,0.06326785000000001,233.678874,90.559441,143.119433,33,2029,9885,407336,419283,0,15.0,,,
run,haiku,T4,08,1,0.57,0.6666666666666666,False,C,2.3828436999999996,630.120913,469.777712,160.343201,26,30043,64472,2595602,2690143,0,44.0,,,
run,haiku,T4,08,2,0.82,0.9071428571428571,True,A,2.826116300000001,679.332484,505.445424,173.88706,30,22786,76046,3177603,3276465,0,43.0,,,
run,haiku,T4,08,3,0.82,0.9333333333333333,True,A,4.18964865,806.4207719999999,647.374232,159.04654,29,20117,46477,1949744,2016367,0,40.0,,,
run,haiku,T4,08,4,0.83,0.9000000000000001,True,A,2.9784440500000007,527.516123,396.269306,131.246817,26,9506,31534,1303488,1344554,0,30.0,,,
run,haiku,T4,08,5,0.72,0.7909090909090909,True,B,4.5926560000000025,1652.4763879999998,1498.629998,153.84639,3,520,1619,100921,103063,0,2.0,,,
